"Batch","Product","RunOrder","TestID","SweepID","NL_RobustP2P","MeanDC","RMS_AC","A1","A2","A3","A6","A9","A12","A18","A27","A36","A45","A72","A108","Residual_RMS_H6","Residual_RMS_H36","Residual_RMS_Full","Residual_RMS_Extended","Fitted_P2P","Fitted_P2P_Extended","FitExplainedRatio","FitExplainedRatio_Extended","Motor_Error_P2P_Deg","Motor_System_INL_Deg","CrestFactor","P99_AbsDeviation","TrackingError_RMS_Deg","TrackingError_MaxAbs_Deg","ClosureErrorDeg","AbsClosureErrorDeg","ShadowP2P","BackoffFeedforwardTargetErrorRaw","ForwardFeedforwardTargetErrorRaw","BackoffTargetErrorRaw","ApproachTargetErrorRaw","ApproachReturnErrorRaw","BackoffObservedDeltaRaw","ApproachObservedDeltaRaw","AbsApproachReturnErrorRaw","AnalysisStartRaw","MaxAbsSettlePositionErrorDeg","MotorActiveDurationMs","TimeSincePreviousRunMs"
"P02_R1","P02","1","3","2","3.25004","-0.3089","0.7729","0.2082","0.2547","0.0086","0.0163","0.405","0.0399","0.0994","0.1079","0.9036","0.1143","0.1842","0.1038","0.7728","0.4348","0.733","0.1111","0.9672","3.6903","0.1004","0.9793","3.4704","1.7352","2.4427","1.7361","0.8319","1.8787","-0.02232","0.02232","3.48146","44","27","44","27","71","-138","209","71","4679","NaN","28309","120062"
"P02_R1","P02","2","4","3","3.277798","-0.3632","0.7745","0.2192","0.2503","0.0148","0.0126","0.409","0.0305","0.1006","0.106","0.9032","0.1142","0.1853","0.107","0.7744","0.4381","0.734","0.1105","0.9594","3.6942","0.1018","0.9796","3.4241","1.7121","2.4435","1.7432","0.8537","1.8732","0.02704","0.02704","3.42181","45","31","45","31","76","-137","213","76","4669","NaN","27550","120052"
"P02_R1","P02","3","5","4","3.2438","-0.332","0.7691","0.1951","0.2501","0.0105","0.0185","0.4081","0.0288","0.1016","0.1078","0.9","0.1124","0.1847","0.1062","0.7689","0.4318","0.7317","0.1108","0.926","3.6602","0.0949","0.9793","3.3931","1.6965","2.431","1.7193","0.8363","1.8622","0.03579","0.03579","3.3898","46","34","46","34","80","-136","216","80","4675","NaN","26872","120049"
"P02_R1","P02","4","6","5","3.272914","-0.3601","0.7733","0.2138","0.2578","0.0077","0.0179","0.4083","0.0281","0.0988","0.1072","0.9006","0.1155","0.1836","0.1048","0.7732","0.4386","0.7324","0.1129","0.9627","3.6861","0.1029","0.9787","3.4247","1.7123","2.4424","1.7271","0.8516","1.9061","0.0012","0.0012","3.42533","45","33","45","33","78","-137","215","78","4671","NaN","26729","120049"
"P02_R1","P02","5","7","6","3.279608","-0.3731","0.7729","0.2133","0.2512","0.0106","0.0152","0.4092","0.0299","0.1002","0.1081","0.9003","0.1126","0.1879","0.1092","0.7728","0.4382","0.7331","0.112","0.9526","3.6869","0.1004","0.979","3.4369","1.7185","2.4449","1.7608","0.8568","1.9336","0.01493","0.01493","3.44378","49","27","49","27","76","-133","209","76","4670","NaN","27031","120050"
"P02_R1","P02","6","8","7","3.266894","-0.3684","0.7721","0.2108","0.2522","0.0083","0.0198","0.4078","0.0278","0.0987","0.1072","0.9005","0.1151","0.1854","0.1102","0.772","0.4367","0.7326","0.1114","0.9473","3.6691","0.0998","0.9792","3.42","1.71","2.4407","1.7369","0.8543","1.8896","-0.00575","0.00575","3.42198","46","28","46","28","74","-136","210","74","4672","NaN","26508","120052"
"P02_R1","P02","7","9","8","3.254974","-0.3474","0.7721","0.2113","0.2533","0.0067","0.0182","0.4077","0.0355","0.1014","0.1063","0.8996","0.1152","0.1858","0.1089","0.772","0.4377","0.732","0.1124","0.9683","3.686","0.1013","0.9788","3.4501","1.725","2.4538","1.7472","0.8448","1.9006","0.02755","0.02755","3.45151","46","28","46","28","74","-136","210","74","4675","NaN","26874","120050"
"P02_R1","P02","8","10","9","3.257516","-0.367","0.7721","0.2105","0.2552","0.0071","0.0162","0.4043","0.0337","0.1001","0.1068","0.9016","0.111","0.1865","0.1073","0.7721","0.4356","0.7319","0.112","0.9636","3.6832","0.1014","0.979","3.4518","1.7259","2.4498","1.7295","0.853","1.9226","0.01794","0.01794","3.45374","42","25","42","25","67","-140","207","67","4672","NaN","27081","120049"
"P02_R1","P02","9","11","10","3.286342","-0.3521","0.7725","0.2059","0.2514","0.0129","0.0124","0.408","0.0279","0.1012","0.1061","0.9005","0.1136","0.1899","0.1142","0.7724","0.4373","0.7336","0.1135","0.9489","3.6978","0.098","0.9784","3.5076","1.7538","2.476","1.7453","0.8477","1.972","0.02103","0.02103","3.51322","43","30","43","30","73","-139","212","73","4671","NaN","27335","120072"
"P02_R1","P02","10","12","11","3.286498","-0.3468","0.7723","0.2138","0.2507","0.0138","0.0105","0.408","0.0304","0.1017","0.1091","0.8997","0.1175","0.1855","0.1095","0.7722","0.4378","0.7324","0.1109","0.9571","3.6995","0.1007","0.9794","3.484","1.742","2.4936","1.7444","0.8454","1.9116","-0.00918","0.00918","3.48979","46","32","46","32","78","-136","214","78","4676","NaN","26865","120092"
"P02_R2","P02","1","14","13","3.268344","-0.3545","0.7756","0.2079","0.2512","0.0162","0.0139","0.4098","0.0264","0.099","0.1097","0.9042","0.1158","0.1897","0.1135","0.7756","0.4391","0.7368","0.1142","0.9605","3.7215","0.0975","0.9783","3.471","1.7355","2.4783","1.7618","0.8514","1.9116","0.00498","0.00498","3.47177","49","25","49","25","74","-133","207","74","4673","NaN","26697","120104"
"P02_R2","P02","2","15","14","3.274262","-0.3554","0.7736","0.2125","0.2474","0.0136","0.0169","0.4069","0.0261","0.1009","0.1098","0.9046","0.1131","0.1871","0.1099","0.7736","0.4352","0.7346","0.1086","0.9476","3.6893","0.0983","0.9803","3.4451","1.7226","2.448","1.7674","0.8506","1.9006","0.02163","0.02163","3.44619","48","27","48","27","75","-134","209","75","4673","NaN","26834","120090"
"P02_R2","P02","3","16","15","3.261558","-0.367","0.774","0.2096","0.2547","0.0122","0.0186","0.4108","0.0265","0.1014","0.1064","0.9026","0.1136","0.1823","0.1091","0.7739","0.4378","0.7341","0.112","0.9503","3.6904","0.1004","0.9791","3.4778","1.7389","2.4761","1.7166","0.8552","1.9226","0.0121","0.0121","3.48009","44","26","44","26","70","-138","208","70","4672","NaN","26559","120090"
"P02_R2","P02","4","17","16","3.243486","-0.3288","0.768","0.1806","0.2409","0.023","0.0347","0.4092","0.0259","0.1011","0.1073","0.8997","0.1138","0.1852","0.1099","0.7676","0.4302","0.7335","0.1194","0.959","3.7081","0.0876","0.9758","3.463","1.7315","2.4242","1.7004","0.8348","1.9336","0.03957","0.03957","3.46687","42","28","42","28","70","-140","210","70","4669","NaN","26633","120092"
"P02_R2","P02","5","18","17","3.285042","-0.3446","0.7734","0.2119","0.2509","0.0091","0.0179","0.4087","0.0276","0.1005","0.1091","0.9025","0.1153","0.1853","0.1112","0.7733","0.4369","0.7339","0.1088","0.9474","3.691","0.0996","0.9802","3.4455","1.7227","2.4553","1.7462","0.8449","1.9006","0.01081","0.01081","3.44748","46","30","46","30","76","-136","212","76","4673","NaN","26680","120092"
"P02_R2","P02","6","19","18","3.294254","-0.3297","0.7741","0.2153","0.253","0.0086","0.0187","0.41","0.0269","0.1009","0.1093","0.9003","0.1168","0.1869","0.1112","0.774","0.4404","0.7337","0.1124","0.9508","3.705","0.1015","0.9789","3.4903","1.7451","2.4655","1.7694","0.8407","1.9281","0.00566","0.00566","3.49743","52","30","52","30","82","-130","212","82","4673","NaN","26867","120090"
"P02_R2","P02","7","20","19","3.29329","-0.3628","0.7747","0.2079","0.2544","0.0097","0.0175","0.4119","0.0282","0.1023","0.1085","0.9022","0.1143","0.1844","0.1112","0.7746","0.4395","0.7351","0.1138","0.9539","3.6927","0.0996","0.9784","3.5548","1.7774","2.4785","1.7516","0.8527","1.9885","0.00137","0.00137","3.55227","46","29","46","29","75","-136","211","75","4675","NaN","26849","120090"
"P02_R2","P02","8","21","20","3.264872","-0.3561","0.772","0.2124","0.2518","0.0076","0.0163","0.4105","0.0261","0.1014","0.1096","0.8984","0.1167","0.1815","0.1067","0.7719","0.4387","0.7322","0.1153","0.9463","3.6796","0.1005","0.9777","3.4325","1.7162","2.4331","1.7397","0.8498","1.9061","0.01339","0.01339","3.42979","44","29","44","29","73","-138","211","73","4673","NaN","26676","120092"
"P02_R2","P02","9","22","21","3.2958","-0.343","0.7734","0.2082","0.2552","0.0083","0.0171","0.4092","0.0249","0.1011","0.109","0.9007","0.1178","0.1859","0.1109","0.7733","0.4388","0.7337","0.1125","0.9463","3.6947","0.1","0.9788","3.4693","1.7347","2.47","1.7649","0.8447","1.9226","0.01639","0.01639","3.47494","47","32","47","32","79","-135","214","79","4674","NaN","27246","120092"
"P02_R2","P02","10","23","22","3.275146","-0.36","0.7721","0.2115","0.2492","0.0086","0.0184","0.4083","0.0244","0.1034","0.1061","0.9008","0.1132","0.1862","0.1097","0.772","0.4364","0.7327","0.1114","0.9444","3.6782","0.0994","0.9792","3.4853","1.7427","2.4309","1.727","0.8505","1.9666","0.01751","0.01751","3.4897","48","31","48","31","79","-134","213","79","4669","NaN","26430","120090"
"P03","P03","1","2","2","3.02014","-0.3964","0.7249","0.2351","0.1702","0.0659","0.0529","0.1914","0.0266","0.097","0.0355","0.9108","0.0397","0.2012","0.1249","0.7239","0.3327","0.689","0.1103","0.9888","3.3097","0.0966","0.9769","3.4431","1.7216","2.6934","1.5424","0.8215","1.8896","0.27698","0.27698","3.44851","4","-17","4","-17","-13","-178","165","13","62290","NaN","23895","120064"
"P03","P03","2","3","3","3.017822","-0.382","0.7212","0.2378","0.1771","0.0612","0.0555","0.1921","0.012","0.0905","0.0379","0.9054","0.0466","0.195","0.1209","0.7202","0.3322","0.6846","0.1105","0.9812","3.2892","0.0991","0.9765","3.4504","1.7252","2.7366","1.6175","0.8128","1.8622","0.27577","0.27577","3.44713","-4","-9","-4","-9","-13","-186","173","13","62288","NaN","24701","120055"
"P03","P03","3","4","4","2.995424","-0.3907","0.7196","0.2328","0.1803","0.0576","0.0531","0.1927","0.0112","0.0936","0.0381","0.9035","0.0465","0.1945","0.1225","0.7186","0.3312","0.6834","0.1097","0.9733","3.277","0.0982","0.9768","3.4333","1.7166","2.724","1.578","0.8146","1.8677","0.23578","0.23578","3.43924","-3","-10","-3","-10","-13","-185","172","13","62291","NaN","24083","120053"
"P03","P03","4","5","5","3.055234","-0.4069","0.7251","0.2389","0.1818","0.0656","0.0548","0.1914","0.0237","0.0918","0.0378","0.9075","0.048","0.2003","0.125","0.7241","0.3377","0.6875","0.1131","1.0012","3.3291","0.1012","0.9757","3.499","1.7495","2.7782","1.6056","0.8263","1.8842","0.27354","0.27354","3.49786","-2","-13","-2","-13","-15","-184","169","15","62290","NaN","24072","120052"
"P03","P03","5","6","6","3.032772","-0.3776","0.7242","0.2377","0.1774","0.0596","0.0537","0.1923","0.0292","0.0944","0.0383","0.9096","0.0434","0.196","0.124","0.7233","0.3329","0.6874","0.1081","0.9866","3.3041","0.0993","0.9777","3.4844","1.7422","2.7255","1.5676","0.8123","1.8677","0.27389","0.27389","3.48078","13","-21","13","-21","-8","-169","161","8","62289","NaN","23951","120056"
"P03","P03","6","7","7","3.053408","-0.3674","0.7256","0.2346","0.176","0.0604","0.0534","0.193","0.0203","0.093","0.0378","0.9098","0.0468","0.2028","0.1256","0.7246","0.3357","0.6897","0.114","0.9737","3.3087","0.0965","0.9753","3.4819","1.741","2.7606","1.5979","0.8082","1.8622","0.24221","0.24221","3.47975","15","-19","15","-19","-4","-167","163","4","62301","NaN","24513","120053"
"P03","P03","7","8","8","3.021434","-0.3954","0.7227","0.237","0.1779","0.0602","0.055","0.1911","0.0243","0.0977","0.0364","0.9059","0.0491","0.1954","0.1207","0.7216","0.3345","0.6855","0.1144","0.9951","3.3095","0.1001","0.9749","3.4405","1.7203","2.6957","1.5288","0.8192","1.8677","0.27062","0.27062","3.43906","15","-23","15","-23","-8","-167","159","8","62293","NaN","23927","120053"
"P03","P03","8","9","9","3.024892","-0.3635","0.7245","0.2244","0.1819","0.0561","0.0523","0.1926","0.0336","0.095","0.0363","0.9106","0.0423","0.2006","0.1245","0.7236","0.3321","0.6893","0.1123","0.9818","3.3087","0.0947","0.976","3.452","1.726","2.6875","1.5351","0.8071","1.8622","0.24736","0.24736","3.45537","6","-15","6","-15","-9","-176","167","9","62294","NaN","23795","120055"
"P03","P03","9","10","10","3.02495","-0.3927","0.7235","0.2358","0.1768","0.0613","0.0541","0.1918","0.0331","0.0903","0.0363","0.9085","0.0415","0.1966","0.1244","0.7225","0.3328","0.687","0.1112","0.98","3.2945","0.0982","0.9764","3.4614","1.7307","2.7291","1.5495","0.8202","1.8951","0.24419","0.24419","3.45709","4","-12","4","-12","-8","-178","170","8","62285","NaN","23864","120053"
"P03","P03","10","11","11","3.034488","-0.374","0.7255","0.2318","0.1739","0.0691","0.0553","0.1907","0.0345","0.0916","0.0372","0.9116","0.0459","0.2005","0.1239","0.7245","0.333","0.6897","0.1117","0.993","3.3248","0.0963","0.9763","3.5204","1.7602","2.7529","1.6038","0.8106","1.8951","0.24788","0.24788","3.51666","8","-12","8","-12","-4","-174","170","4","62293","NaN","24171","120094"
"P04","P04","1","25","24","3.135824","-0.2879","0.727","0.3009","0.2511","0.07","0.0567","0.159","0.0291","0.2516","0.051","0.8497","0.0465","0.1575","0.1075","0.7259","0.4093","0.6447","0.1462","1.5707","3.479","0.2137","0.9595","3.4819","1.741","2.798","1.5678","0.7773","1.7578","0.03948","0.03948","3.4855","-19","-5","-19","-5","-24","-201","177","24","61170","NaN","26778","120107"
"P04","P04","2","26","25","3.170234","-0.2803","0.7279","0.3091","0.2551","0.069","0.0552","0.1598","0.0272","0.2546","0.0509","0.8457","0.0447","0.1599","0.1085","0.7269","0.4151","0.6426","0.1469","1.5822","3.4917","0.2208","0.9593","3.4901","1.745","2.7672","1.61","0.7754","1.7578","0.03193","0.03193","3.49031","-11","-8","-11","-8","-19","-193","174","19","61177","NaN","27045","120095"
"P04","P04","3","27","26","3.151608","-0.271","0.7328","0.3103","0.2687","0.063","0.0492","0.1611","0.0281","0.2525","0.0493","0.8512","0.0469","0.1624","0.1095","0.732","0.4181","0.646","0.1435","1.5857","3.5083","0.2229","0.9616","3.4691","1.7345","2.7876","1.5513","0.7776","1.7798","-0.01717","0.01717","3.46825","-12","-10","-12","-10","-22","-194","172","22","61185","NaN","26536","120093"
"P04","P04","4","28","27","3.179566","-0.3479","0.7353","0.3044","0.2614","0.0796","0.0533","0.1669","0.0285","0.2488","0.0496","0.8545","0.0476","0.1697","0.1145","0.7343","0.419","0.6513","0.1478","1.5819","3.5421","0.2154","0.9596","3.5155","1.7578","2.7889","1.6117","0.8088","1.8237","0.0654","0.0654","3.51288","-10","-10","-10","-10","-20","-192","172","20","61171","NaN","26379","120094"
"P04","P04","5","29","28","3.17903","-0.3029","0.7342","0.309","0.2593","0.0662","0.0529","0.1636","0.0282","0.2493","0.047","0.8543","0.046","0.1699","0.1153","0.7332","0.4173","0.6501","0.1451","1.5785","3.5286","0.216","0.9609","3.5027","1.7513","2.7597","1.5969","0.7901","1.7798","0.0345","0.0345","3.50035","-5","-8","-5","-8","-13","-187","174","13","61181","NaN","27095","120097"
"P04","P04","6","30","29","3.115472","-0.3136","0.7317","0.2934","0.2609","0.0782","0.0546","0.1645","0.0292","0.2519","0.0492","0.8543","0.0474","0.1705","0.1142","0.7307","0.4128","0.6493","0.1405","1.5877","3.5365","0.2125","0.9631","3.4628","1.7314","2.7737","1.563","0.791","1.7523","0.04343","0.04343","3.46404","-15","-4","-15","-4","-19","-197","178","19","61181","NaN","26531","120095"
"P04","P04","7","31","30","3.138916","-0.2946","0.7309","0.299","0.2584","0.0757","0.0539","0.1621","0.028","0.2507","0.0516","0.8518","0.0492","0.1683","0.1135","0.7299","0.4141","0.6481","0.1447","1.579","3.5223","0.2138","0.9608","3.4799","1.7399","2.7937","1.5601","0.7826","1.7688","0.02789","0.02789","3.49091","-17","-3","-17","-3","-20","-199","179","20","61181","NaN","26588","120093"
"P04","P04","8","32","31","3.132388","-0.305","0.7302","0.296","0.2538","0.0779","0.0537","0.1634","0.0247","0.2497","0.0509","0.8528","0.045","0.1708","0.1139","0.7292","0.4117","0.649","0.1443","1.5707","3.5181","0.21","0.961","3.5079","1.754","2.8422","1.5745","0.7856","1.7523","0.05605","0.05605","3.50893","-8","-10","-8","-10","-18","-190","172","18","61177","NaN","26822","120094"
"P04","P04","9","33","32","3.094328","-0.3162","0.7281","0.2887","0.2475","0.081","0.0517","0.1608","0.0276","0.2533","0.0497","0.852","0.0453","0.17","0.1141","0.7272","0.4089","0.6487","0.1473","1.5526","3.4891","0.2063","0.9591","3.4333","1.7167","2.7717","1.5507","0.7881","1.7358","0.05931","0.05931","3.44121","-13","-8","-13","-8","-21","-195","174","21","61184","NaN","26361","120097"
"P04","P04","10","34","33","3.09576","-0.2714","0.7297","0.2963","0.2505","0.0747","0.0526","0.1631","0.028","0.2492","0.0494","0.8544","0.0467","0.1698","0.1136","0.7288","0.4093","0.6494","0.1422","1.5514","3.4982","0.2082","0.962","3.4506","1.7253","2.7714","1.5832","0.7741","1.7523","0.04395","0.04395","3.45194","-6","-5","-6","-5","-11","-188","177","11","61186","NaN","26614","120094"
"P05","P05","1","36","35","3.124274","0.0333","0.7282","0.3097","0.1987","0.0601","0.0582","0.2966","0.0179","0.102","0.0641","0.8593","0.0801","0.173","0.1105","0.7271","0.4015","0.6736","0.1196","1.165","3.5305","0.1443","0.973","3.4869","1.7435","2.4968","1.5755","0.7253","1.8622","0.01699","0.01699","3.48756","12","-14","12","-14","-2","-170","168","2","61440","NaN","26413","120105"
"P05","P05","2","37","36","3.127968","0.091","0.7313","0.3184","0.2283","0.0594","0.0585","0.2945","0.0195","0.0981","0.0632","0.8564","0.0804","0.1719","0.1096","0.7302","0.4101","0.6705","0.1164","1.2226","3.5774","0.1594","0.9747","3.5061","1.7531","2.4776","1.6227","0.7335","1.9116","-0.03562","0.03562","3.51417","11","-9","11","-9","2","-171","173","2","61453","NaN","26089","120097"
"P05","P05","3","38","37","3.125074","0.0936","0.7278","0.3039","0.2247","0.0757","0.0631","0.2969","0.0199","0.0989","0.0637","0.8544","0.0811","0.1704","0.1082","0.7264","0.4058","0.6696","0.1166","1.1971","3.5548","0.1536","0.9743","3.4846","1.7423","2.4338","1.6367","0.7295","1.8677","0.00635","0.00635","3.49108","10","-7","10","-7","3","-172","175","3","61450","NaN","26183","120095"
"P05","P05","4","39","38","3.131856","0.1157","0.7307","0.3181","0.2286","0.0694","0.0581","0.2951","0.0245","0.0981","0.0638","0.8548","0.0781","0.1729","0.1097","0.7296","0.4107","0.6693","0.1145","1.2317","3.5817","0.161","0.9754","3.5248","1.7624","2.4865","1.647","0.7348","1.9336","-0.04626","0.04626","3.52867","3","-4","3","-4","-1","-179","178","1","61452","NaN","26127","120095"
"P05","P05","5","40","39","3.11082","0.0664","0.7257","0.3158","0.214","0.0681","0.0523","0.2959","0.0241","0.0986","0.0634","0.852","0.0824","0.171","0.1071","0.7247","0.4045","0.6671","0.1119","1.2061","3.5645","0.155","0.9762","3.4866","1.7433","2.4565","1.6273","0.7246","1.8512","-0.08283","0.08283","3.48687","4","-9","4","-9","-5","-178","173","5","61447","NaN","26249","120096"
"P05","P05","6","41","40","3.128492","0.0505","0.7279","0.32","0.2068","0.0676","0.0543","0.2982","0.0199","0.0988","0.0639","0.8547","0.0803","0.1702","0.1094","0.7269","0.4057","0.6697","0.1141","1.1976","3.5605","0.1536","0.9754","3.5006","1.7503","2.5198","1.6318","0.7264","1.8896","-0.01296","0.01296","3.5043","15","-13","15","-13","2","-167","169","2","61437","NaN","26072","120096"
"P05","P05","7","42","41","3.128894","0.0163","0.7287","0.3218","0.2099","0.0674","0.0554","0.3002","0.0233","0.0975","0.0645","0.8542","0.0811","0.1678","0.107","0.7276","0.4076","0.6696","0.1151","1.2107","3.5699","0.1557","0.9751","3.5032","1.7516","2.5235","1.6058","0.7253","1.8732","0.02275","0.02275","3.50215","11","-15","11","-15","-4","-171","167","4","61436","NaN","26095","120095"
"P05","P05","8","43","42","3.144694","0.0129","0.7275","0.3208","0.211","0.0713","0.0562","0.2948","0.0207","0.102","0.0648","0.8534","0.078","0.1707","0.1059","0.7264","0.4063","0.6678","0.1141","1.2186","3.5663","0.1573","0.9754","3.5107","1.7553","2.5154","1.6155","0.7236","1.8677","0.00961","0.00961","3.51005","4","-7","4","-7","-3","-178","175","3","61441","NaN","26009","120095"
"P05","P05","9","44","43","3.161572","0.0687","0.7313","0.3382","0.211","0.0655","0.0537","0.2992","0.0221","0.1021","0.0638","0.8528","0.081","0.1676","0.1045","0.7303","0.4137","0.6681","0.1145","1.2451","3.5969","0.1654","0.9755","3.5359","1.7679","2.5034","1.6148","0.7314","1.8951","-0.03399","0.03399","3.5364","11","-4","11","-4","7","-171","178","7","61444","NaN","26228","120098"
"P05","P05","10","45","44","3.189026","0.0056","0.7297","0.3338","0.2144","0.0692","0.0569","0.2999","0.0244","0.0984","0.0638","0.8511","0.0796","0.1682","0.103","0.7286","0.4126","0.6668","0.1132","1.2453","3.5949","0.165","0.9759","3.5763","1.7881","2.5778","1.6536","0.7254","1.8622","-0.01021","0.01021","3.57777","11","-13","11","-13","-2","-171","169","2","61437","NaN","26349","120096"
"P06_R1","P06","1","47","46","3.045638","-0.0941","0.7328","0.2493","0.1155","0.0201","0.0172","0.0712","0.0769","0.4504","0.0137","0.827","0.0292","0.1474","0.0844","0.7327","0.4417","0.6281","0.1873","1.587","3.1066","0.2653","0.9347","3.2067","1.6034","2.4437","1.6216","0.7419","1.7029","-0.13536","0.13536","3.20732","15","13","15","13","28","-167","195","28","64396","NaN","24383","120106"
"P06_R1","P06","2","48","47","3.008802","-0.0566","0.7292","0.2392","0.1103","0.0221","0.0141","0.0712","0.0767","0.4572","0.0129","0.8209","0.0328","0.1456","0.0795","0.7291","0.4413","0.6239","0.1881","1.5741","3.0941","0.2679","0.9335","3.206","1.603","2.4359","1.6348","0.7346","1.7139","-0.16128","0.16128","3.20063","19","14","19","14","33","-163","196","33","64404","NaN","24343","120096"
"P06_R1","P06","3","49","48","3.012386","-0.0998","0.73","0.2415","0.1181","0.0256","0.0179","0.0683","0.0765","0.4562","0.0128","0.8216","0.029","0.1441","0.0799","0.7299","0.442","0.6239","0.1881","1.5908","3.0997","0.2695","0.9336","3.2201","1.61","2.4707","1.6202","0.7378","1.6974","-0.17621","0.17621","3.21041","14","11","14","11","25","-168","193","25","64403","NaN","24881","120095"
"P06_R1","P06","4","50","49","3.040132","-0.1142","0.7317","0.2555","0.1166","0.0185","0.0217","0.0701","0.0736","0.4536","0.0163","0.8217","0.0331","0.1454","0.0818","0.7315","0.4447","0.6244","0.1877","1.6071","3.1093","0.2717","0.9342","3.2407","1.6204","2.484","1.6486","0.7434","1.7084","-0.11089","0.11089","3.23599","17","12","17","12","29","-165","194","29","64401","NaN","24315","120094"
"P06_R1","P06","5","51","50","3.056374","-0.1224","0.7302","0.253","0.1141","0.017","0.0143","0.0705","0.0758","0.456","0.0137","0.82","0.0306","0.1436","0.0798","0.7302","0.4439","0.6226","0.1867","1.6051","3.1158","0.273","0.9346","3.2386","1.6193","2.483","1.6448","0.7419","1.6974","-0.14591","0.14591","3.23333","19","4","19","4","23","-163","186","23","64401","NaN","24259","120095"
"P06_R1","P06","6","52","51","3.02549","-0.1173","0.7294","0.2489","0.1182","0.0182","0.0179","0.0692","0.0761","0.4539","0.014","0.8201","0.0299","0.1431","0.0807","0.7293","0.4425","0.6228","0.1874","1.6015","3.1154","0.271","0.934","3.2423","1.6211","2.4647","1.6283","0.7403","1.6919","-0.16016","0.16016","3.2444","15","12","15","12","27","-167","194","27","64400","NaN","24222","120096"
"P06_R1","P06","7","53","52","3.03315","-0.1104","0.73","0.2458","0.1166","0.0209","0.0218","0.0689","0.0772","0.4555","0.0126","0.8212","0.0301","0.1441","0.0787","0.7298","0.4424","0.6235","0.1873","1.6085","3.111","0.2706","0.9342","3.2409","1.6204","2.4653","1.6324","0.7398","1.7139","-0.13287","0.13287","3.24122","18","12","18","12","30","-164","194","30","64402","NaN","24695","120094"
"P06_R1","P06","8","54","53","3.022368","-0.1202","0.7278","0.2499","0.118","0.0237","0.0186","0.0671","0.076","0.454","0.0147","0.8175","0.0311","0.1452","0.0782","0.7277","0.4422","0.6206","0.1859","1.6111","3.1072","0.2729","0.9348","3.2526","1.6263","2.4959","1.6125","0.7401","1.6974","-0.15235","0.15235","3.25367","12","12","12","12","24","-170","194","24","64404","NaN","24363","120096"
"P06_R1","P06","9","55","54","3.041166","-0.1241","0.7312","0.2555","0.1164","0.024","0.0222","0.0713","0.0761","0.4549","0.0123","0.8206","0.0329","0.1449","0.0788","0.731","0.4449","0.6231","0.1867","1.6134","3.1177","0.2736","0.9348","3.2293","1.6147","2.4785","1.6344","0.743","1.6919","-0.12162","0.12162","3.23444","10","10","10","10","20","-172","192","20","64402","NaN","24482","120094"
"P06_R1","P06","10","56","55","3.011778","-0.1142","0.728","0.2544","0.114","0.0214","0.0172","0.0688","0.0755","0.4544","0.0144","0.8178","0.029","0.1432","0.0783","0.7279","0.4422","0.6202","0.1844","1.6085","3.1029","0.2743","0.9358","3.17","1.585","2.4547","1.6378","0.7387","1.6589","-0.17587","0.17587","3.16466","12","14","12","14","26","-170","196","26","64405","NaN","24213","120094"
"P06_R2","P06","1","2","2","3.087916","-0.175","0.7374","0.2836","0.1179","0.0164","0.0139","0.0669","0.073","0.4588","0.0143","0.822","0.0308","0.1429","0.0774","0.7373","0.4538","0.6232","0.1859","1.657","3.1664","0.2856","0.9364","3.2737","1.6369","2.4805","1.6626","0.7575","1.637","-0.12952","0.12952","3.27436","13","12","13","12","25","-169","194","25","64415","NaN","25223","120067"
"P06_R2","P06","2","3","3","3.093018","-0.1701","0.735","0.2823","0.1186","0.017","0.02","0.0671","0.0761","0.4553","0.0145","0.8186","0.0327","0.1438","0.0779","0.7349","0.453","0.6217","0.1876","1.6574","3.1613","0.2846","0.9349","3.3112","1.6556","2.5881","1.6785","0.7546","1.7194","-0.13261","0.13261","3.31152","11","13","11","13","24","-171","195","24","64411","NaN","24364","120054"
"P06_R2","P06","3","4","4","3.082224","-0.1921","0.7375","0.2831","0.1215","0.0142","0.0205","0.0648","0.0778","0.4559","0.014","0.8216","0.0302","0.1437","0.0794","0.7373","0.4542","0.6238","0.1884","1.6715","3.1778","0.2845","0.9347","3.2331","1.6165","2.4863","1.6883","0.7628","1.6315","-0.13158","0.13158","3.23058","13","8","13","8","21","-169","190","21","64413","NaN","24607","120053"
"P06_R2","P06","4","5","5","3.101354","-0.1633","0.7369","0.287","0.1244","0.0122","0.0152","0.0667","0.0751","0.4568","0.0135","0.8197","0.0311","0.1431","0.0775","0.7369","0.4551","0.6219","0.1866","1.6672","3.1789","0.2877","0.9359","3.2952","1.6476","2.516","1.6793","0.756","1.6809","-0.1466","0.1466","3.29298","16","12","16","12","28","-166","194","28","64418","NaN","24722","120055"
"P06_R2","P06","5","6","6","3.062788","-0.1718","0.7364","0.2826","0.1207","0.0192","0.0135","0.0704","0.0775","0.4571","0.0156","0.8202","0.0336","0.1433","0.0776","0.7364","0.4539","0.6224","0.186","1.6665","3.1729","0.2857","0.9362","3.2569","1.6284","2.4736","1.6467","0.7577","1.6425","-0.1369","0.1369","3.26045","10","16","10","16","26","-172","198","26","64417","NaN","24334","120053"
"P06_R2","P06","6","7","7","3.06767","-0.1658","0.7348","0.284","0.1163","0.0168","0.0163","0.0666","0.0775","0.4543","0.0124","0.8204","0.032","0.141","0.0776","0.7347","0.451","0.6216","0.1847","1.6592","3.1657","0.2844","0.9368","3.2446","1.6223","2.5006","1.6718","0.7544","1.6644","-0.1387","0.1387","3.23925","11","18","11","18","29","-171","200","29","64413","NaN","24340","120054"
"P06_R2","P06","7","8","8","3.101428","-0.1959","0.7365","0.2839","0.1177","0.0149","0.0165","0.065","0.0784","0.4597","0.0158","0.8191","0.0321","0.1438","0.0758","0.7364","0.4548","0.6214","0.1862","1.6663","3.1723","0.288","0.9361","3.2973","1.6486","2.5226","1.6923","0.7632","1.6589","-0.13261","0.13261","3.30465","17","7","17","7","24","-165","189","24","64417","NaN","24448","120055"
"P06_R2","P06","8","9","9","3.093144","-0.1797","0.7362","0.2836","0.1214","0.0175","0.0161","0.065","0.0756","0.4564","0.0111","0.8203","0.0298","0.1435","0.0774","0.7362","0.4534","0.6222","0.1865","1.6606","3.1702","0.2858","0.9358","3.2992","1.6496","2.5235","1.6744","0.759","1.6699","-0.10772","0.10772","3.30242","12","14","12","14","26","-170","196","26","64413","NaN","24589","120053"
"P06_R2","P06","9","10","10","3.087976","-0.197","0.7371","0.2847","0.1242","0.0164","0.0143","0.0679","0.0753","0.4556","0.0133","0.8217","0.0336","0.1406","0.0789","0.737","0.4536","0.6231","0.1863","1.6703","3.1764","0.2854","0.9361","3.2875","1.6437","2.5085","1.6719","0.7632","1.6425","-0.12737","0.12737","3.28955","15","11","15","11","26","-167","193","26","64411","NaN","24144","120053"
"P06_R2","P06","10","11","11","3.07522","-0.1814","0.7336","0.2827","0.1197","0.0129","0.0181","0.0648","0.0742","0.456","0.0145","0.8176","0.0278","0.1406","0.078","0.7335","0.4515","0.6197","0.185","1.656","3.1592","0.2863","0.9364","3.2706","1.6353","2.4815","1.6633","0.756","1.6425","-0.14806","0.14806","3.26646","15","13","15","13","28","-167","195","28","64413","NaN","24374","120097"
"P07","P07","1","58","57","2.468476","0.1863","0.6683","0.1839","0.0924","0.024","0.0145","0.1237","0.1185","0.0751","0.0142","0.8602","0.0375","0.1892","0.125","0.6682","0.2769","0.6444","0.1054","0.7856","2.7379","0.0703","0.9751","2.5734","1.2867","2.0791","1.2782","0.6951","1.5875","-0.25432","0.25432","2.57235","70","-5","70","-5","65","-112","177","65","640","NaN","23646","120098"
"P07","P07","2","59","58","2.498502","0.1261","0.6687","0.2029","0.1055","0.0281","0.0129","0.1252","0.1184","0.0771","0.0139","0.8556","0.0352","0.1863","0.1247","0.6686","0.2848","0.6407","0.1041","0.852","2.7413","0.0819","0.9758","2.6092","1.3046","2.075","1.2451","0.6824","1.5216","-0.24822","0.24822","2.61294","68","-9","68","-9","59","-114","173","59","638","NaN","23953","120091"
"P07","P07","3","60","59","2.483924","0.0882","0.6672","0.2032","0.1012","0.0295","0.0166","0.1242","0.1144","0.0714","0.0133","0.8556","0.0344","0.1848","0.1234","0.6671","0.2813","0.6401","0.103","0.8288","2.7249","0.0796","0.9762","2.5865","1.2932","2.084","1.2687","0.6748","1.4667","-0.23741","0.23741","2.59844","69","-10","69","-10","59","-113","172","59","630","NaN","23673","120088"
"P07","P07","4","61","60","2.47438","0.1098","0.6671","0.1973","0.1018","0.0268","0.0146","0.1292","0.1142","0.0732","0.0179","0.8556","0.0374","0.1858","0.1215","0.667","0.2811","0.6409","0.1042","0.8232","2.7191","0.0771","0.9756","2.5933","1.2966","2.0582","1.2635","0.6772","1.4612","-0.23955","0.23955","2.59037","64","-5","64","-5","59","-118","177","59","639","NaN","23914","120089"
"P07","P07","5","62","61","2.463164","0.1297","0.6654","0.1935","0.1059","0.0252","0.0147","0.1242","0.1108","0.0734","0.0137","0.8542","0.0357","0.1865","0.1249","0.6653","0.279","0.6396","0.1031","0.8151","2.7114","0.0759","0.976","2.5702","1.2851","2.0538","1.2526","0.6811","1.4941","-0.27474","0.27474","2.57072","63","-6","63","-6","57","-119","176","57","642","NaN","23840","120089"
"P07","P07","6","63","62","2.483568","0.1249","0.6652","0.2","0.098","0.0228","0.0164","0.1267","0.1109","0.0779","0.0163","0.8527","0.0351","0.1877","0.1228","0.6651","0.281","0.6389","0.1032","0.8185","2.7241","0.0777","0.9759","2.6115","1.3057","2.0868","1.243","0.6784","1.5106","-0.22187","0.22187","2.60385","63","-3","63","-3","60","-119","179","60","642","NaN","24416","120088"
"P07","P07","7","64","63","2.499178","0.1165","0.6651","0.1979","0.0908","0.0326","0.0147","0.1287","0.1106","0.0757","0.0133","0.8528","0.038","0.1882","0.128","0.665","0.2806","0.6396","0.1022","0.8077","2.7279","0.0754","0.9764","2.6573","1.3286","2.1659","1.2762","0.6762","1.5765","-0.22659","0.22659","2.66376","59","-1","59","-1","58","-123","181","58","642","NaN","24006","120091"
"P07","P07","8","65","64","2.46371","0.1361","0.6629","0.1979","0.0817","0.0315","0.0192","0.1265","0.1115","0.0771","0.0167","0.852","0.0363","0.1853","0.1225","0.6627","0.2766","0.6377","0.1011","0.7992","2.7175","0.0746","0.9767","2.5955","1.2977","2.1041","1.2414","0.6784","1.5161","-0.2496","0.2496","2.59277","62","1","62","1","63","-120","183","63","641","NaN","23888","120088"
"P07","P07","9","66","65","2.472246","0.1371","0.6622","0.185","0.0822","0.0432","0.0144","0.1267","0.1131","0.0762","0.013","0.8528","0.035","0.1869","0.1228","0.6621","0.2737","0.6385","0.1016","0.7705","2.7199","0.0703","0.9764","2.5681","1.2841","2.0407","1.2584","0.6771","1.4996","-0.25011","0.25011","2.56496","65","-3","65","-3","62","-117","179","62","646","NaN","25072","120088"
"P07","P07","10","67","66","2.463676","0.1488","0.6645","0.199","0.0865","0.0338","0.0166","0.1282","0.1098","0.0743","0.0154","0.8543","0.0377","0.1863","0.1245","0.6644","0.2769","0.6392","0.0972","0.8018","2.7304","0.0748","0.9786","2.6013","1.3006","2.1336","1.2613","0.6821","1.582","-0.26264","0.26264","2.60187","67","-1","67","-1","66","-115","181","66","647","NaN","24416","120091"
