Group,n,mean,sample_sd,cv_pct,median,mad,robust_sigma,min,max,range,repeatability_limit_2_77sd,slope_deg_per_run,slope_pct_of_mean_per_run,trend_r2,trend_residual_sd,slope_ci95_low,slope_ci95_high
P02_R1,10.0,3.2676384,0.015352187880269949,0.4698251765026984,3.269904,0.013659000000000088,0.02025083340000013,3.2438000000000002,3.286498,0.04269799999999968,0.04252556042834776,0.0023634909090908787,0.07233024648905088,0.21725949120613408,0.014406399138135491,-0.001294038035489348,0.006021019853671105
P02_R2,10.0,3.2756054,0.016853359468597968,0.5145112860235842,3.2747040000000003,0.01174199999999992,0.01740868919999988,3.243486,3.2958,0.05231399999999997,0.04668380572801637,0.0023465333333333523,0.07163663038696153,0.1777018408756249,0.01620979058676172,-0.0017688446794639693,0.0064619113461306735
P03,10.0,3.0280564,0.017450670532803244,0.5762993890339441,3.024921,0.0074750000000001204,0.011082435000000179,2.995424,3.0552340000000004,0.059810000000000585,0.04833835737586498,0.0014885090909090703,0.04915724459125234,0.06669452496290185,0.017881349309469927,-0.0030512480017852485,0.006028266183603389
P04,10.0,3.1393126000000002,0.031365609320471444,0.9991234807413395,3.1373699999999998,0.027380999999999878,0.04059507059999982,3.094328,3.1795660000000003,0.08523800000000037,0.0868827378177059,-0.007112278787878787,-0.2265552907308048,0.47132613854457195,0.02418933389427013,-0.013253521163581763,-0.0009710364121758098
P05,10.0,3.137267,0.022619255852775872,0.7209860000049684,3.1286929999999997,0.004018999999999995,0.005958569399999992,3.11082,3.189026,0.07820600000000022,0.06265533871218916,0.005605345454545455,0.1786696973686159,0.562936721161392,0.01586086008329372,0.0015785547010517334,0.009632136208039177
P06_R1,10.0,3.0297284,0.016148249793020215,0.5329933136257433,3.0293200000000002,0.014081999999999928,0.020877973199999893,3.008802,3.056374,0.047571999999999726,0.044730651926666,-0.00048552727272731423,-0.016025438871923776,0.008286817628349818,0.017056690263513953,-0.004815918076103047,0.003844863530648419
P06_R2,10.0,3.0852738,0.013256495043730249,0.4296699710648128,3.087946,0.009224000000000121,0.013675502400000178,3.0627880000000003,3.1014280000000003,0.03864000000000001,0.03672049127113279,-0.000544569696969672,-0.017650611656238484,0.015468954197569329,0.013951460787424059,-0.004086597872081283,0.002997458478141939
P07,10.0,2.4770824,0.013715051158004084,0.5536776313135197,2.473313,0.009893000000000374,0.014667361800000554,2.463164,2.499178,0.03601400000000021,0.03799069170767132,-0.0014137212121212237,-0.057072030067357615,0.09739667349060632,0.013820449169563464,-0.004922487863669118,0.0020950454394266698
ALL,80.0,3.05499555,0.23778461429567788,7.7834684340433125,3.098557,0.07665599999999984,0.11365018559999975,2.463164,3.2958,0.8326359999999999,0.6586633815990277,-0.007593613173933427,-0.2485638047470618,0.5507102996070123,0.16040327315768024,-0.009179450144623753,-0.006007776203243101
