File,JigId,McuUid,BuildDate,NOfficialSweeps,RawP2P_Deg,A36_Deg,H2_Deg,H2PhaseDeg
C:\learn\rd\jig\tools\dist\captured-logs\S4-P010-JIG7-openloop-v1-run01.txt,JIG7,004600323235511835383831,12-Aug-2026 16:45:25,10,3.57126045227051,0.91548584038143,0.230166003935305,-19.4238472261242
C:\learn\rd\jig\tools\dist\captured-logs\S4-P010-JIG7-openloop-v1-run02.txt,JIG7,004600323235511835383831,12-Aug-2026 16:45:25,10,3.16545295715332,0.917982273550618,0.0420248941261328,-54.2502150279224
C:\learn\rd\jig\tools\dist\captured-logs\S4-P010-JIG7-openloop-v1-run05.txt,JIG7,004600323235511835383831,12-Aug-2026 16:45:25,5,3.59918975830078,0.918280066707365,0.316618971998622,8.48991451798965
C:\learn\rd\jig\tools\dist\captured-logs\S4-P010-JIG7-openloop-v1-run06-2281-mm.txt,JIG7,004600323235511835383831,12-Aug-2026 16:45:25,9,3.68155479431152,0.912551225972108,0.0771976415225466,-74.7744045089341
C:\learn\rd\jig\tools\dist\captured-logs\S4-P010-JIG7-openloop-v1-run06-2300mm-path-2.txt,JIG7,004600323235511835383831,12-Aug-2026 16:45:25,10,3.51696395874023,0.918133515285973,0.125501640429749,-147.969540437753
C:\learn\rd\jig\tools\dist\captured-logs\S4-P011-JIG7-openloop-v1-run01.txt,JIG7,004600323235511835383831,12-Aug-2026 16:45:25,10,2.63151741027832,0.874734727773129,0.0328821276351399,-80.9873142857584
C:\learn\rd\jig\tools\dist\captured-logs\S4-P013-JIG7-openloop-v1-run01.txt,JIG7,004600323235511835383831,12-Aug-2026 16:45:25,10,3.11164569854736,0.862328388726701,0.409830551116566,124.600624928522
C:\learn\rd\jig\tools\dist\captured-logs\S4-P013-JIG7-openloop-v1-run02.txt,JIG7,004600323235511835383831,12-Aug-2026 16:45:25,10,2.68379688262939,0.860874336402309,0.186950389254292,124.702444932617
C:\learn\rd\jig\tools\dist\captured-logs\S4-P013-JIG7-openloop-v1-run03_02.txt,JIG7,004600323235511835383831,12-Aug-2026 16:45:25,10,3.14784908294678,0.870679519322449,0.138724060598348,-91.412485583843
C:\learn\rd\jig\tools\dist\captured-logs\S4-P013-JIG7-openloop-v1-run04.txt,JIG7,004600323235511835383831,12-Aug-2026 16:45:25,10,3.02734279632568,0.862413891671838,0.426261511070735,-62.7313935289586
C:\learn\rd\jig\tools\dist\captured-logs\S4-P03-JIG7-openloop-v1-run01.txt,JIG7,004600323235511835383831,12-Aug-2026 16:45:25,10,2.82748603820801,0.903360931843537,0.0650798981587205,-86.2462858257924
C:\learn\rd\jig\tools\dist\captured-logs\S4-P08-JIG7-openloop-v1-run01.txt,JIG7,004600323235511835383831,12-Aug-2026 16:45:25,9,3.0687141418457,0.888344781481817,0.11558690262282,-118.901589530539
C:\learn\rd\jig\tools\dist\captured-logs\S4-P010-JIG7-openloop-v1-remountR1-path1.txt,JIG7,004600323235511835383831,19-Aug-2026 12:21:06,3,3.72076034545898,0.913849216333877,0.231691087082107,-9.26867533754787
C:\learn\rd\jig\tools\dist\captured-logs\S4-P010-JIG7-openloop-v1-remountR1-path2.txt,JIG7,004600323235511835383831,19-Aug-2026 12:21:06,3,3.29174995422363,0.912651136477409,0.0712603680390243,18.3582119874843
C:\learn\rd\jig\tools\dist\captured-logs\S4-P010-JIG7-openloop-v1-run07-2300mm-path-2.txt,JIG7,004600323235511835383831,19-Aug-2026 12:21:06,3,3.59504699707031,0.917930422312591,0.12789135192759,-136.890746818396
C:\learn\rd\jig\tools\dist\captured-logs\S4-P010-JIG7-openloop-v1-run08-2300mm-path-1.txt,JIG7,004600323235511835383831,19-Aug-2026 12:21:06,3,3.58294486999512,0.915918955301608,0.20590009656393,-131.558070053779
C:\learn\rd\jig\tools\dist\captured-logs\S4-P011-JIG7-openloop-v1-remountR1-path-1.txt,JIG7,004600323235511835383831,19-Aug-2026 12:21:06,3,3.47989082336426,0.879914216446586,0.255237634800135,-11.9420400469275
C:\learn\rd\jig\tools\dist\captured-logs\S4-P011-JIG7-openloop-v1-remountR1-path-2.txt,JIG7,004600323235511835383831,19-Aug-2026 12:21:06,3,3.05182456970215,0.882035418288879,0.18695526697654,-23.1370826373392
C:\learn\rd\jig\tools\dist\captured-logs\S4-P011-JIG7-openloop-v1-remountR2-path-1.txt,JIG7,004600323235511835383831,19-Aug-2026 12:21:06,3,3.41357231140137,0.877576987122964,0.232738827612728,-15.0832078147734
C:\learn\rd\jig\tools\dist\captured-logs\S4-P011-JIG7-openloop-v1-remountR3-path-1.txt,JIG7,004600323235511835383831,19-Aug-2026 12:21:06,3,3.39468955993652,0.878968364313024,0.199298987988442,-13.7356764393169
C:\learn\rd\jig\tools\dist\captured-logs\S4-P011-JIG7-openloop-v1-remountR3-path-2.txt,JIG7,004600323235511835383831,19-Aug-2026 12:21:06,3,2.91635513305664,0.874878913684497,0.102812173419054,-14.1638738272395
C:\learn\rd\jig\tools\dist\captured-logs\S4-P011-JIG7-openloop-v1-run011-2300mm-path-1.txt,JIG7,004600323235511835383831,19-Aug-2026 12:21:06,3,3.51997375488281,0.872979844375124,0.112138802256503,-145.337538702783
C:\learn\rd\jig\tools\dist\captured-logs\S4-P011-JIG7-openloop-v1-run012-2300mm-path-2.txt,JIG7,004600323235511835383831,19-Aug-2026 12:21:06,3,2.9673957824707,0.876629360280885,0.0579055745479161,-134.087829997618
C:\learn\rd\jig\tools\dist\captured-logs\S4-P011-JIG7-openloop-v1-run09-2300mm-path-2_02.txt,JIG7,004600323235511835383831,19-Aug-2026 12:21:06,3,2.76503562927246,0.877612959232438,0.0859648167975283,-79.1990647452797
C:\learn\rd\jig\tools\dist\captured-logs\S4-P011-JIG7-openloop-v1-test-2remountR2-path-1.txt,JIG7,004600323235511835383831,19-Aug-2026 12:21:06,3,3.35700988769531,0.875417210545624,0.186140554104242,-13.283157591496
C:\learn\rd\jig\tools\dist\captured-logs\S4-P011-JIG7-openloop-v1-test-2remountR3-path-1.txt,JIG7,004600323235511835383831,19-Aug-2026 12:21:06,3,3.4218692779541,0.883931499483491,0.213075074626877,-9.61620696840829
C:\learn\rd\jig\tools\dist\captured-logs\S4-P013-JIG7-openloop-v1-remountR1-path1.txt,JIG7,004600323235511835383831,19-Aug-2026 12:21:06,3,2.86980628967285,0.860558494904443,0.0771879722860047,-72.3830332611178
C:\learn\rd\jig\tools\dist\captured-logs\S4-P013-JIG7-openloop-v1-remountR1-path2.txt,JIG7,004600323235511835383831,19-Aug-2026 12:21:06,3,2.63740539550781,0.860819240751448,0.0687906771159889,-23.3297483230979
C:\learn\rd\jig\tools\dist\captured-logs\S4-P013-JIG7-openloop-v1-run011-2300mm-path-2.txt,JIG7,004600323235511835383831,19-Aug-2026 12:21:06,3,2.85106658935547,0.865918033250191,0.165339855534775,104.0105902479
C:\learn\rd\jig\tools\dist\captured-logs\S4-P013-JIG7-openloop-v1-run013-2280mm-path-1.txt,JIG7,004600323235511835383831,19-Aug-2026 12:21:06,3,2.87675857543945,0.86097612659472,0.14176964576232,-78.9684289883335
C:\learn\rd\jig\tools\dist\captured-logs\S4-P013-JIG7-openloop-v1-run09-2300mm-path-2.txt,JIG7,004600323235511835383831,19-Aug-2026 12:21:06,3,2.93892860412598,0.868310036408003,0.301332032425346,126.642202613065
C:\learn\rd\jig\tools\dist\captured-logs\S4-P03-JIG7-openloop-v1-remountR1-path1.txt,JIG7,004600323235511835383831,19-Aug-2026 12:21:06,3,2.8073787689209,0.901165970247348,0.0431503469339779,-137.985271965927
C:\learn\rd\jig\tools\dist\captured-logs\S4-P03-JIG7-openloop-v1-remountR1-path2.txt,JIG7,004600323235511835383831,19-Aug-2026 12:21:06,3,2.91260719299316,0.899843422265079,0.0703249916588361,27.6382508851324
C:\learn\rd\jig\tools\dist\captured-logs\S4-P03-JIG7-openloop-v1-run013-2280mm-path-1.txt,JIG7,004600323235511835383831,19-Aug-2026 12:21:06,3,2.94050216674805,0.904110871089749,0.0534277005143594,-174.768299654381
C:\learn\rd\jig\tools\dist\captured-logs\S4-P03-JIG7-openloop-v1-run09-2300mm-path-2.txt,JIG7,004600323235511835383831,19-Aug-2026 12:21:06,3,2.7872371673584,0.905907865533953,0.0946126140885208,-104.533537892362
C:\learn\rd\jig\tools\dist\captured-logs\S4-P08-JIG7-openloop-v1-remountR1-path-2.txt,JIG7,004600323235511835383831,19-Aug-2026 12:21:06,3,3.15874099731445,0.889184849363319,0.168352148784682,-77.6068028262993
C:\learn\rd\jig\tools\dist\captured-logs\S4-P08-JIG7-openloop-v1-remountR2-path1.txt,JIG7,004600323235511835383831,19-Aug-2026 12:21:06,3,2.97572135925293,0.889755268641331,0.0268571213135523,-140.122986263515
C:\learn\rd\jig\tools\dist\captured-logs\S4-P08-JIG7-openloop-v1-run010-2300mm-path-1.txt,JIG7,004600323235511835383831,19-Aug-2026 12:21:06,3,3.18360328674316,0.896199834666987,0.151816615089709,152.622350685786
C:\learn\rd\jig\tools\dist\captured-logs\S4-P08-JIG7-openloop-v1-run011-2300mm-path-1.txt,JIG7,004600323235511835383831,19-Aug-2026 12:21:06,3,3.14045906066895,0.886620687274534,0.15586528399138,147.664834490076
C:\learn\rd\jig\tools\dist\captured-logs\S4-P08-JIG7-openloop-v1-run012-2300mm-path-2.txt,JIG7,004600323235511835383831,19-Aug-2026 12:21:06,2,3.11312198638916,0.893697574582679,0.0403146649954084,-124.029783240813
C:\learn\rd\jig\tools\dist\captured-logs\S4-P08-JIG7-openloop-v1-run013-2280mm-path-1.txt,JIG7,004600323235511835383831,19-Aug-2026 12:21:06,3,3.14286231994629,0.900588343438481,0.0300180286084737,-144.857169034582
C:\learn\rd\jig\tools\dist\captured-logs\S4-P08-JIG7-openloop-v1-run09-2300mm-path-2.txt,JIG7,004600323235511835383831,19-Aug-2026 12:21:06,3,3.52798461914062,0.894098424074385,0.413562091309898,-70.427604305663
C:\learn\rd\jig\tools\dist\captured-logs\S4-P011-JIG7-openloop-v1-remountR2-path-2.txt,JIG7,,NaT,3,3.02358627319336,0.87867851568991,0.153388771975929,-15.8036706453674
C:\learn\rd\jig\tools\dist\captured-logs\S4-P013-JIG7-openloop-v1-run03.txt,JIG7,,NaT,10,2.72605133056641,0.859575198899969,0.246713400738548,141.299106471724
C:\learn\rd\jig\tools\dist\captured-logs\S4-P010-JIG8-openloop-v1-run01.txt,JIG8,003E00323235511835383831,12-Aug-2026 16:45:25,10,4.16315746307373,0.907781686581919,0.620421009489302,-155.518179160368
C:\learn\rd\jig\tools\dist\captured-logs\S4-P010-JIG8-openloop-v1-run02.txt,JIG8,003E00323235511835383831,12-Aug-2026 16:45:25,10,3.43484973907471,0.911093394874851,0.215495540502473,-117.304677101993
C:\learn\rd\jig\tools\dist\captured-logs\S4-P011-JIG8-openloop-v1-run01.txt,JIG8,003E00323235511835383831,12-Aug-2026 16:45:25,10,3.2065486907959,0.869131734005154,0.0996799564850809,-111.875328201168
C:\learn\rd\jig\tools\dist\captured-logs\S4-P012-JIG8-openloop-v1-run01.txt,JIG8,003E00323235511835383831,12-Aug-2026 16:45:25,2,4.10180568695068,0.868659494309093,0.416211338817847,-145.617988762516
C:\learn\rd\jig\tools\dist\captured-logs\S4-P013-JIG8-openloop-v1-run01.txt,JIG8,003E00323235511835383831,12-Aug-2026 16:45:25,10,3.01116371154785,0.857672648920175,0.17564090061616,145.344976520981
C:\learn\rd\jig\tools\dist\captured-logs\S4-P013-JIG8-openloop-v1-run02.txt,JIG8,003E00323235511835383831,12-Aug-2026 16:45:25,10,3.03662109375,0.858128716868145,0.181240727069834,141.389468186592
C:\learn\rd\jig\tools\dist\captured-logs\S4-P03-JIG8-remount01-openloop-v1-run02.txt,JIG8,003E00323235511835383831,12-Aug-2026 16:45:25,10,2.84968185424805,0.897591425122173,0.163248215554143,-168.321440233893
C:\learn\rd\jig\tools\dist\captured-logs\S4-P03-JIG8-remount02-openloop-v1-run01.txt,JIG8,003E00323235511835383831,12-Aug-2026 16:45:25,10,2.9212818145752,0.898708156065623,0.157404305947471,-169.252377650955
C:\learn\rd\jig\tools\dist\captured-logs\S4-P08-JIG8-openloop-v1-run01.txt,JIG8,003E00323235511835383831,12-Aug-2026 16:45:25,10,3.14602088928223,0.887838604526509,0.143599079157362,-130.701572763457
