"Seq","Phase","EncoderRaw","TravelRaw","TravelMilliDeg","DeltaRaw","VelocityRawPerSecond","AccelerationRawPerSecond2","PowerPpm","ScheduledTick","SampleTick","LatenessTicks","LoopCycles","SpiLatencyCycles","PwmCounterAtCs"
"0","ALIGN_RAMP","55188","-3","-16.4794921875","-3","-3000","-3000000","0","261352","261352","0","2897","1336","1435"
"1","ALIGN_RAMP","55192","1","5.4931640625","4","4000","7000000","200","261353","261353","0","2903","1336","752"
"2","ALIGN_RAMP","55189","-2","-10.986328125","-3","-3000","-7000000","400","261354","261354","0","2903","1336","662"
"3","ALIGN_RAMP","55190","-1","-5.4931640625","1","1000","4000000","600","261355","261355","0","2903","1336","572"
"4","ALIGN_RAMP","55188","-3","-16.4794921875","-2","-2000","-3000000","800","261356","261356","0","2903","1336","482"
"5","ALIGN_RAMP","55192","1","5.4931640625","4","4000","6000000","1000","261357","261357","0","2903","1336","392"
"6","ALIGN_RAMP","55193","2","10.986328125","1","1000","-3000000","1200","261358","261358","0","2903","1336","302"
"7","ALIGN_RAMP","55192","1","5.4931640625","-1","-1000","-2000000","1400","261359","261359","0","2903","1336","212"
"8","ALIGN_RAMP","55191","0","0","-1","-1000","0","1600","261360","261360","0","2903","1336","122"
"9","ALIGN_RAMP","55192","1","5.4931640625","1","1000","2000000","1800","261361","261361","0","2903","1336","32"
"10","ALIGN_RAMP","55195","4","21.97265625","3","3000","2000000","2000","261362","261362","0","2903","1336","2097"
"11","ALIGN_RAMP","55192","1","5.4931640625","-3","-3000","-6000000","2200","261363","261363","0","2903","1336","2007"
"12","ALIGN_RAMP","55195","4","21.97265625","3","3000","6000000","2400","261364","261364","0","2903","1336","1917"
"13","ALIGN_RAMP","55194","3","16.4794921875","-1","-1000","-4000000","2600","261365","261365","0","2903","1336","1827"
"14","ALIGN_RAMP","55191","0","0","-3","-3000","-2000000","2800","261366","261366","0","2903","1336","1737"
"15","ALIGN_RAMP","55193","2","10.986328125","2","2000","5000000","3000","261367","261367","0","2903","1336","1647"
"16","ALIGN_RAMP","55188","-3","-16.4794921875","-5","-5000","-7000000","3200","261368","261368","0","2903","1336","1557"
"17","ALIGN_RAMP","55191","0","0","3","3000","8000000","3400","261369","261369","0","2903","1336","1467"
"18","ALIGN_RAMP","55193","2","10.986328125","2","2000","-1000000","3600","261370","261370","0","2903","1336","1377"
"19","ALIGN_RAMP","55189","-2","-10.986328125","-4","-4000","-6000000","3800","261371","261371","0","2903","1336","1287"
"20","ALIGN_RAMP","55190","-1","-5.4931640625","1","1000","5000000","4000","261372","261372","0","2903","1336","1197"
"21","ALIGN_RAMP","55193","2","10.986328125","3","3000","2000000","4200","261373","261373","0","2903","1336","1107"
"22","ALIGN_RAMP","55190","-1","-5.4931640625","-3","-3000","-6000000","4400","261374","261374","0","2903","1336","1017"
"23","ALIGN_RAMP","55192","1","5.4931640625","2","2000","5000000","4600","261375","261375","0","2903","1336","927"
"24","ALIGN_RAMP","55190","-1","-5.4931640625","-2","-2000","-4000000","4800","261376","261376","0","2903","1336","837"
"25","ALIGN_RAMP","55190","-1","-5.4931640625","0","0","2000000","5000","261377","261377","0","2903","1336","747"
"26","ALIGN_RAMP","55193","2","10.986328125","3","3000","3000000","5200","261378","261378","0","2903","1336","657"
"27","ALIGN_RAMP","55193","2","10.986328125","0","0","-3000000","5400","261379","261379","0","2903","1336","567"
"28","ALIGN_RAMP","55192","1","5.4931640625","-1","-1000","-1000000","5600","261380","261380","0","2903","1336","477"
"29","ALIGN_RAMP","55191","0","0","-1","-1000","0","5800","261381","261381","0","2903","1336","387"
"30","ALIGN_RAMP","55192","1","5.4931640625","1","1000","2000000","6000","261382","261382","0","2903","1336","297"
"31","ALIGN_RAMP","55189","-2","-10.986328125","-3","-3000","-4000000","6200","261383","261383","0","2903","1336","207"
"32","ALIGN_RAMP","55195","4","21.97265625","6","6000","9000000","6400","261384","261384","0","2903","1336","117"
"33","ALIGN_RAMP","55195","4","21.97265625","0","0","-6000000","6600","261385","261385","0","2903","1336","27"
"34","ALIGN_RAMP","55191","0","0","-4","-4000","-4000000","6800","261386","261386","0","2903","1336","2092"
"35","ALIGN_RAMP","55192","1","5.4931640625","1","1000","5000000","7000","261387","261387","0","2903","1336","2002"
"36","ALIGN_RAMP","55188","-3","-16.4794921875","-4","-4000","-5000000","7200","261388","261388","0","2903","1336","1912"
"37","ALIGN_RAMP","55194","3","16.4794921875","6","6000","10000000","7400","261389","261389","0","2903","1336","1822"
"38","ALIGN_RAMP","55193","2","10.986328125","-1","-1000","-7000000","7600","261390","261390","0","2903","1336","1732"
"39","ALIGN_RAMP","55190","-1","-5.4931640625","-3","-3000","-2000000","7800","261391","261391","0","2903","1336","1642"
"40","ALIGN_RAMP","55188","-3","-16.4794921875","-2","-2000","1000000","8000","261392","261392","0","2903","1336","1552"
"41","ALIGN_RAMP","55193","2","10.986328125","5","5000","7000000","8200","261393","261393","0","2903","1336","1462"
"42","ALIGN_RAMP","55189","-2","-10.986328125","-4","-4000","-9000000","8400","261394","261394","0","2903","1336","1372"
"43","ALIGN_RAMP","55195","4","21.97265625","6","6000","10000000","8600","261395","261395","0","2903","1336","1282"
"44","ALIGN_RAMP","55190","-1","-5.4931640625","-5","-5000","-11000000","8800","261396","261396","0","2903","1336","1192"
"45","ALIGN_RAMP","55189","-2","-10.986328125","-1","-1000","4000000","9000","261397","261397","0","2903","1336","1102"
"46","ALIGN_RAMP","55193","2","10.986328125","4","4000","5000000","9200","261398","261398","0","2903","1336","1012"
"47","ALIGN_RAMP","55188","-3","-16.4794921875","-5","-5000","-9000000","9400","261399","261399","0","2903","1336","922"
"48","ALIGN_RAMP","55190","-1","-5.4931640625","2","2000","7000000","9600","261400","261400","0","2903","1336","832"
"49","ALIGN_RAMP","55195","4","21.97265625","5","5000","3000000","9800","261401","261401","0","2903","1336","742"
"50","ALIGN_RAMP","55189","-2","-10.986328125","-6","-6000","-11000000","10000","261402","261402","0","2903","1336","652"
"51","ALIGN_RAMP","55190","-1","-5.4931640625","1","1000","7000000","10200","261403","261403","0","2903","1336","562"
"52","ALIGN_RAMP","55191","0","0","1","1000","0","10400","261404","261404","0","2903","1336","472"
"53","ALIGN_RAMP","55192","1","5.4931640625","1","1000","0","10600","261405","261405","0","2903","1336","382"
"54","ALIGN_RAMP","55193","2","10.986328125","1","1000","0","10800","261406","261406","0","2903","1336","292"
"55","ALIGN_RAMP","55194","3","16.4794921875","1","1000","0","11000","261407","261407","0","2903","1336","202"
"56","ALIGN_RAMP","55188","-3","-16.4794921875","-6","-6000","-7000000","11200","261408","261408","0","2903","1336","112"
"57","ALIGN_RAMP","55188","-3","-16.4794921875","0","0","6000000","11400","261409","261409","0","2903","1336","22"
"58","ALIGN_RAMP","55192","1","5.4931640625","4","4000","4000000","11600","261410","261410","0","2903","1336","2087"
"59","ALIGN_RAMP","55191","0","0","-1","-1000","-5000000","11800","261411","261411","0","2903","1336","1997"
"60","ALIGN_RAMP","55192","1","5.4931640625","1","1000","2000000","12000","261412","261412","0","2903","1336","1907"
"61","ALIGN_RAMP","55191","0","0","-1","-1000","-2000000","12200","261413","261413","0","2903","1336","1817"
"62","ALIGN_RAMP","55188","-3","-16.4794921875","-3","-3000","-2000000","12400","261414","261414","0","2903","1336","1727"
"63","ALIGN_RAMP","55191","0","0","3","3000","6000000","12600","261415","261415","0","2903","1336","1637"
"64","ALIGN_RAMP","55197","6","32.958984375","6","6000","3000000","12800","261416","261416","0","2903","1336","1547"
"65","ALIGN_RAMP","55189","-2","-10.986328125","-8","-8000","-14000000","13000","261417","261417","0","2903","1336","1457"
"66","ALIGN_RAMP","55189","-2","-10.986328125","0","0","8000000","13200","261418","261418","0","2903","1336","1367"
"67","ALIGN_RAMP","55189","-2","-10.986328125","0","0","0","13400","261419","261419","0","2903","1336","1277"
"68","ALIGN_RAMP","55192","1","5.4931640625","3","3000","3000000","13600","261420","261420","0","2903","1336","1187"
"69","ALIGN_RAMP","55191","0","0","-1","-1000","-4000000","13800","261421","261421","0","2903","1336","1097"
"70","ALIGN_RAMP","55192","1","5.4931640625","1","1000","2000000","14000","261422","261422","0","2903","1336","1007"
"71","ALIGN_RAMP","55192","1","5.4931640625","0","0","-1000000","14200","261423","261423","0","2903","1336","917"
"72","ALIGN_RAMP","55192","1","5.4931640625","0","0","0","14400","261424","261424","0","2903","1336","827"
"73","ALIGN_RAMP","55193","2","10.986328125","1","1000","1000000","14600","261425","261425","0","2903","1336","737"
"74","ALIGN_RAMP","55194","3","16.4794921875","1","1000","0","14800","261426","261426","0","2903","1336","647"
"75","ALIGN_RAMP","55189","-2","-10.986328125","-5","-5000","-6000000","15000","261427","261427","0","2903","1336","557"
"76","ALIGN_RAMP","55192","1","5.4931640625","3","3000","8000000","15200","261428","261428","0","2903","1336","467"
"77","ALIGN_RAMP","55189","-2","-10.986328125","-3","-3000","-6000000","15400","261429","261429","0","2903","1336","377"
"78","ALIGN_RAMP","55190","-1","-5.4931640625","1","1000","4000000","15600","261430","261430","0","2903","1336","287"
"79","ALIGN_RAMP","55190","-1","-5.4931640625","0","0","-1000000","15800","261431","261431","0","2903","1336","197"
"80","ALIGN_RAMP","55192","1","5.4931640625","2","2000","2000000","16000","261432","261432","0","2903","1336","107"
"81","ALIGN_RAMP","55187","-4","-21.97265625","-5","-5000","-7000000","16200","261433","261433","0","2903","1336","17"
"82","ALIGN_RAMP","55191","0","0","4","4000","9000000","16400","261434","261434","0","2903","1336","2082"
"83","ALIGN_RAMP","55188","-3","-16.4794921875","-3","-3000","-7000000","16600","261435","261435","0","2903","1336","1992"
"84","ALIGN_RAMP","55191","0","0","3","3000","6000000","16800","261436","261436","0","2903","1336","1902"
"85","ALIGN_RAMP","55193","2","10.986328125","2","2000","-1000000","17000","261437","261437","0","2903","1336","1812"
"86","ALIGN_RAMP","55191","0","0","-2","-2000","-4000000","17200","261438","261438","0","2903","1336","1722"
"87","ALIGN_RAMP","55190","-1","-5.4931640625","-1","-1000","1000000","17400","261439","261439","0","2903","1336","1632"
"88","ALIGN_RAMP","55191","0","0","1","1000","2000000","17600","261440","261440","0","2903","1336","1542"
"89","ALIGN_RAMP","55189","-2","-10.986328125","-2","-2000","-3000000","17800","261441","261441","0","2903","1336","1452"
"90","ALIGN_RAMP","55191","0","0","2","2000","4000000","18000","261442","261442","0","2903","1336","1362"
"91","ALIGN_RAMP","55192","1","5.4931640625","1","1000","-1000000","18200","261443","261443","0","2903","1336","1272"
"92","ALIGN_RAMP","55194","3","16.4794921875","2","2000","1000000","18400","261444","261444","0","2903","1336","1182"
"93","ALIGN_RAMP","55192","1","5.4931640625","-2","-2000","-4000000","18600","261445","261445","0","2903","1336","1092"
"94","ALIGN_RAMP","55191","0","0","-1","-1000","1000000","18800","261446","261446","0","2903","1336","1002"
"95","ALIGN_RAMP","55193","2","10.986328125","2","2000","3000000","19000","261447","261447","0","2903","1336","912"
"96","ALIGN_RAMP","55190","-1","-5.4931640625","-3","-3000","-5000000","19200","261448","261448","0","2903","1336","822"
"97","ALIGN_RAMP","55191","0","0","1","1000","4000000","19400","261449","261449","0","2903","1336","732"
"98","ALIGN_RAMP","55193","2","10.986328125","2","2000","1000000","19600","261450","261450","0","2903","1336","642"
"99","ALIGN_RAMP","55192","1","5.4931640625","-1","-1000","-3000000","19800","261451","261451","0","2903","1336","552"
"100","ALIGN_RAMP","55190","-1","-5.4931640625","-2","-2000","-1000000","20000","261452","261452","0","2903","1336","462"
"101","ALIGN_RAMP","55191","0","0","1","1000","3000000","20200","261453","261453","0","2903","1336","372"
"102","ALIGN_RAMP","55192","1","5.4931640625","1","1000","0","20400","261454","261454","0","2903","1336","282"
"103","ALIGN_RAMP","55190","-1","-5.4931640625","-2","-2000","-3000000","20600","261455","261455","0","2903","1336","192"
"104","ALIGN_RAMP","55191","0","0","1","1000","3000000","20800","261456","261456","0","2903","1336","102"
"105","ALIGN_RAMP","55190","-1","-5.4931640625","-1","-1000","-2000000","21000","261457","261457","0","2903","1336","12"
"106","ALIGN_RAMP","55192","1","5.4931640625","2","2000","3000000","21200","261458","261458","0","2903","1336","2077"
"107","ALIGN_RAMP","55189","-2","-10.986328125","-3","-3000","-5000000","21400","261459","261459","0","2903","1336","1987"
"108","ALIGN_RAMP","55188","-3","-16.4794921875","-1","-1000","2000000","21600","261460","261460","0","2903","1336","1897"
"109","ALIGN_RAMP","55191","0","0","3","3000","4000000","21800","261461","261461","0","2903","1336","1807"
"110","ALIGN_RAMP","55189","-2","-10.986328125","-2","-2000","-5000000","22000","261462","261462","0","2903","1336","1717"
"111","ALIGN_RAMP","55194","3","16.4794921875","5","5000","7000000","22200","261463","261463","0","2903","1336","1627"
"112","ALIGN_RAMP","55191","0","0","-3","-3000","-8000000","22400","261464","261464","0","2903","1336","1537"
"113","ALIGN_RAMP","55196","5","27.4658203125","5","5000","8000000","22600","261465","261465","0","2903","1336","1447"
"114","ALIGN_RAMP","55191","0","0","-5","-5000","-10000000","22800","261466","261466","0","2903","1336","1357"
"115","ALIGN_RAMP","55190","-1","-5.4931640625","-1","-1000","4000000","23000","261467","261467","0","2903","1336","1267"
"116","ALIGN_RAMP","55188","-3","-16.4794921875","-2","-2000","-1000000","23200","261468","261468","0","2903","1336","1177"
"117","ALIGN_RAMP","55189","-2","-10.986328125","1","1000","3000000","23400","261469","261469","0","2903","1336","1087"
"118","ALIGN_RAMP","55194","3","16.4794921875","5","5000","4000000","23600","261470","261470","0","2903","1336","997"
"119","ALIGN_RAMP","55190","-1","-5.4931640625","-4","-4000","-9000000","23800","261471","261471","0","2903","1336","907"
"120","ALIGN_RAMP","55192","1","5.4931640625","2","2000","6000000","24000","261472","261472","0","2903","1336","817"
"121","ALIGN_RAMP","55191","0","0","-1","-1000","-3000000","24200","261473","261473","0","2903","1336","727"
"122","ALIGN_RAMP","55191","0","0","0","0","1000000","24400","261474","261474","0","2903","1336","637"
"123","ALIGN_RAMP","55191","0","0","0","0","0","24600","261475","261475","0","2903","1336","547"
"124","ALIGN_RAMP","55189","-2","-10.986328125","-2","-2000","-2000000","24800","261476","261476","0","2903","1336","457"
"125","ALIGN_RAMP","55188","-3","-16.4794921875","-1","-1000","1000000","25000","261477","261477","0","2903","1336","367"
"126","ALIGN_RAMP","55191","0","0","3","3000","4000000","25200","261478","261478","0","2903","1336","277"
"127","ALIGN_RAMP","55194","3","16.4794921875","3","3000","0","25400","261479","261479","0","2903","1336","187"
"128","ALIGN_RAMP","55192","1","5.4931640625","-2","-2000","-5000000","25600","261480","261480","0","2903","1336","97"
"129","ALIGN_RAMP","55190","-1","-5.4931640625","-2","-2000","0","25800","261481","261481","0","2903","1336","7"
"130","ALIGN_RAMP","55187","-4","-21.97265625","-3","-3000","-1000000","26000","261482","261482","0","2903","1336","2072"
"131","ALIGN_RAMP","55187","-4","-21.97265625","0","0","3000000","26200","261483","261483","0","2903","1336","1982"
"132","ALIGN_RAMP","55187","-4","-21.97265625","0","0","0","26400","261484","261484","0","2903","1336","1892"
"133","ALIGN_RAMP","55192","1","5.4931640625","5","5000","5000000","26600","261485","261485","0","2903","1336","1802"
"134","ALIGN_RAMP","55197","6","32.958984375","5","5000","0","26800","261486","261486","0","2903","1336","1712"
"135","ALIGN_RAMP","55190","-1","-5.4931640625","-7","-7000","-12000000","27000","261487","261487","0","2903","1336","1622"
"136","ALIGN_RAMP","55191","0","0","1","1000","8000000","27200","261488","261488","0","2903","1336","1532"
"137","ALIGN_RAMP","55189","-2","-10.986328125","-2","-2000","-3000000","27400","261489","261489","0","2903","1336","1442"
"138","ALIGN_RAMP","55193","2","10.986328125","4","4000","6000000","27600","261490","261490","0","2903","1336","1352"
"139","ALIGN_RAMP","55191","0","0","-2","-2000","-6000000","27800","261491","261491","0","2903","1336","1262"
"140","ALIGN_RAMP","55190","-1","-5.4931640625","-1","-1000","1000000","28000","261492","261492","0","2903","1336","1172"
"141","ALIGN_RAMP","55192","1","5.4931640625","2","2000","3000000","28200","261493","261493","0","2903","1336","1082"
"142","ALIGN_RAMP","55190","-1","-5.4931640625","-2","-2000","-4000000","28400","261494","261494","0","2903","1336","992"
"143","ALIGN_RAMP","55188","-3","-16.4794921875","-2","-2000","0","28600","261495","261495","0","2903","1336","902"
"144","ALIGN_RAMP","55192","1","5.4931640625","4","4000","6000000","28800","261496","261496","0","2903","1336","812"
"145","ALIGN_RAMP","55192","1","5.4931640625","0","0","-4000000","29000","261497","261497","0","2903","1336","722"
"146","ALIGN_RAMP","55194","3","16.4794921875","2","2000","2000000","29200","261498","261498","0","2903","1336","632"
"147","ALIGN_RAMP","55192","1","5.4931640625","-2","-2000","-4000000","29400","261499","261499","0","2903","1336","542"
"148","ALIGN_RAMP","55189","-2","-10.986328125","-3","-3000","-1000000","29600","261500","261500","0","2903","1336","452"
"149","ALIGN_RAMP","55188","-3","-16.4794921875","-1","-1000","2000000","29800","261501","261501","0","2903","1336","362"
"150","ALIGN_RAMP","55189","-2","-10.986328125","1","1000","2000000","30000","261502","261502","0","2903","1336","272"
"151","ALIGN_RAMP","55192","1","5.4931640625","3","3000","2000000","30200","261503","261503","0","2903","1336","182"
"152","ALIGN_RAMP","55187","-4","-21.97265625","-5","-5000","-8000000","30400","261504","261504","0","2903","1336","92"
"153","ALIGN_RAMP","55188","-3","-16.4794921875","1","1000","6000000","30600","261505","261505","0","2903","1336","2"
"154","ALIGN_RAMP","55189","-2","-10.986328125","1","1000","0","30800","261506","261506","0","2903","1336","2067"
"155","ALIGN_RAMP","55193","2","10.986328125","4","4000","3000000","31000","261507","261507","0","2903","1336","1977"
"156","ALIGN_RAMP","55190","-1","-5.4931640625","-3","-3000","-7000000","31200","261508","261508","0","2903","1336","1887"
"157","ALIGN_RAMP","55188","-3","-16.4794921875","-2","-2000","1000000","31400","261509","261509","0","2903","1336","1797"
"158","ALIGN_RAMP","55188","-3","-16.4794921875","0","0","2000000","31600","261510","261510","0","2903","1336","1707"
"159","ALIGN_RAMP","55187","-4","-21.97265625","-1","-1000","-1000000","31800","261511","261511","0","2903","1336","1617"
"160","ALIGN_RAMP","55188","-3","-16.4794921875","1","1000","2000000","32000","261512","261512","0","2903","1336","1527"
"161","ALIGN_RAMP","55188","-3","-16.4794921875","0","0","-1000000","32200","261513","261513","0","2903","1336","1437"
"162","ALIGN_RAMP","55190","-1","-5.4931640625","2","2000","2000000","32400","261514","261514","0","2903","1336","1347"
"163","ALIGN_RAMP","55188","-3","-16.4794921875","-2","-2000","-4000000","32600","261515","261515","0","2903","1336","1257"
"164","ALIGN_RAMP","55188","-3","-16.4794921875","0","0","2000000","32800","261516","261516","0","2903","1336","1167"
"165","ALIGN_RAMP","55187","-4","-21.97265625","-1","-1000","-1000000","33000","261517","261517","0","2903","1336","1077"
"166","ALIGN_RAMP","55188","-3","-16.4794921875","1","1000","2000000","33200","261518","261518","0","2903","1336","987"
"167","ALIGN_RAMP","55185","-6","-32.958984375","-3","-3000","-4000000","33400","261519","261519","0","2903","1336","897"
"168","ALIGN_RAMP","55189","-2","-10.986328125","4","4000","7000000","33600","261520","261520","0","2903","1336","807"
"169","ALIGN_RAMP","55191","0","0","2","2000","-2000000","33800","261521","261521","0","2903","1336","717"
"170","ALIGN_RAMP","55191","0","0","0","0","-2000000","34000","261522","261522","0","2903","1336","627"
"171","ALIGN_RAMP","55188","-3","-16.4794921875","-3","-3000","-3000000","34200","261523","261523","0","2903","1336","537"
"172","ALIGN_RAMP","55192","1","5.4931640625","4","4000","7000000","34400","261524","261524","0","2903","1336","447"
"173","ALIGN_RAMP","55189","-2","-10.986328125","-3","-3000","-7000000","34600","261525","261525","0","2903","1336","357"
"174","ALIGN_RAMP","55188","-3","-16.4794921875","-1","-1000","2000000","34800","261526","261526","0","2903","1336","267"
"175","ALIGN_RAMP","55189","-2","-10.986328125","1","1000","2000000","35000","261527","261527","0","2903","1336","177"
"176","ALIGN_RAMP","55187","-4","-21.97265625","-2","-2000","-3000000","35200","261528","261528","0","2903","1336","87"
"177","ALIGN_RAMP","55187","-4","-21.97265625","0","0","2000000","35400","261529","261529","0","2903","1336","2152"
"178","ALIGN_RAMP","55187","-4","-21.97265625","0","0","0","35600","261530","261530","0","2903","1336","2062"
"179","ALIGN_RAMP","55186","-5","-27.4658203125","-1","-1000","-1000000","35800","261531","261531","0","2903","1336","1972"
"180","ALIGN_RAMP","55187","-4","-21.97265625","1","1000","2000000","36000","261532","261532","0","2903","1336","1882"
"181","ALIGN_RAMP","55188","-3","-16.4794921875","1","1000","0","36200","261533","261533","0","2903","1336","1792"
"182","ALIGN_RAMP","55184","-7","-38.4521484375","-4","-4000","-5000000","36400","261534","261534","0","2903","1336","1702"
"183","ALIGN_RAMP","55187","-4","-21.97265625","3","3000","7000000","36600","261535","261535","0","2903","1336","1612"
"184","ALIGN_RAMP","55185","-6","-32.958984375","-2","-2000","-5000000","36800","261536","261536","0","2903","1336","1522"
"185","ALIGN_RAMP","55187","-4","-21.97265625","2","2000","4000000","37000","261537","261537","0","2903","1336","1432"
"186","ALIGN_RAMP","55187","-4","-21.97265625","0","0","-2000000","37200","261538","261538","0","2903","1336","1342"
"187","ALIGN_RAMP","55187","-4","-21.97265625","0","0","0","37400","261539","261539","0","2903","1336","1252"
"188","ALIGN_RAMP","55185","-6","-32.958984375","-2","-2000","-2000000","37600","261540","261540","0","2903","1336","1162"
"189","ALIGN_RAMP","55186","-5","-27.4658203125","1","1000","3000000","37800","261541","261541","0","2903","1336","1072"
"190","ALIGN_RAMP","55186","-5","-27.4658203125","0","0","-1000000","38000","261542","261542","0","2903","1336","982"
"191","ALIGN_RAMP","55184","-7","-38.4521484375","-2","-2000","-2000000","38200","261543","261543","0","2903","1336","892"
"192","ALIGN_RAMP","55186","-5","-27.4658203125","2","2000","4000000","38400","261544","261544","0","2903","1336","802"
"193","ALIGN_RAMP","55183","-8","-43.9453125","-3","-3000","-5000000","38600","261545","261545","0","2903","1336","712"
"194","ALIGN_RAMP","55183","-8","-43.9453125","0","0","3000000","38800","261546","261546","0","2903","1336","622"
"195","ALIGN_RAMP","55183","-8","-43.9453125","0","0","0","39000","261547","261547","0","2903","1336","532"
"196","ALIGN_RAMP","55185","-6","-32.958984375","2","2000","2000000","39200","261548","261548","0","2903","1336","442"
"197","ALIGN_RAMP","55184","-7","-38.4521484375","-1","-1000","-3000000","39400","261549","261549","0","2903","1336","352"
"198","ALIGN_RAMP","55185","-6","-32.958984375","1","1000","2000000","39600","261550","261550","0","2903","1336","262"
"199","ALIGN_RAMP","55182","-9","-49.4384765625","-3","-3000","-4000000","39800","261551","261551","0","2903","1336","172"
"200","ALIGN_RAMP","55183","-8","-43.9453125","1","1000","4000000","40000","261552","261552","0","2903","1336","148"
"201","ALIGN_RAMP","55181","-10","-54.931640625","-2","-2000","-3000000","40200","261553","261553","0","2902","1336","2147"
"202","ALIGN_RAMP","55180","-11","-60.4248046875","-1","-1000","1000000","40400","261554","261554","0","2902","1336","2057"
"203","ALIGN_RAMP","55184","-7","-38.4521484375","4","4000","5000000","40600","261555","261555","0","2902","1336","1967"
"204","ALIGN_RAMP","55180","-11","-60.4248046875","-4","-4000","-8000000","40800","261556","261556","0","2902","1336","1877"
"205","ALIGN_RAMP","55180","-11","-60.4248046875","0","0","4000000","41000","261557","261557","0","2902","1336","1787"
"206","ALIGN_RAMP","55182","-9","-49.4384765625","2","2000","2000000","41200","261558","261558","0","2902","1336","1697"
"207","ALIGN_RAMP","55180","-11","-60.4248046875","-2","-2000","-4000000","41400","261559","261559","0","2902","1336","1607"
"208","ALIGN_RAMP","55182","-9","-49.4384765625","2","2000","4000000","41600","261560","261560","0","2902","1336","1517"
"209","ALIGN_RAMP","55180","-11","-60.4248046875","-2","-2000","-4000000","41800","261561","261561","0","2902","1336","1427"
"210","ALIGN_RAMP","55181","-10","-54.931640625","1","1000","3000000","42000","261562","261562","0","2902","1336","1337"
"211","ALIGN_RAMP","55184","-7","-38.4521484375","3","3000","2000000","42200","261563","261563","0","2902","1336","1247"
"212","ALIGN_RAMP","55181","-10","-54.931640625","-3","-3000","-6000000","42400","261564","261564","0","2902","1336","1157"
"213","ALIGN_RAMP","55181","-10","-54.931640625","0","0","3000000","42600","261565","261565","0","2902","1336","1067"
"214","ALIGN_RAMP","55182","-9","-49.4384765625","1","1000","1000000","42800","261566","261566","0","2902","1336","977"
"215","ALIGN_RAMP","55179","-12","-65.91796875","-3","-3000","-4000000","43000","261567","261567","0","2902","1336","887"
"216","ALIGN_RAMP","55182","-9","-49.4384765625","3","3000","6000000","43200","261568","261568","0","2902","1336","797"
"217","ALIGN_RAMP","55177","-14","-76.904296875","-5","-5000","-8000000","43400","261569","261569","0","2902","1336","707"
"218","ALIGN_RAMP","55183","-8","-43.9453125","6","6000","11000000","43600","261570","261570","0","2902","1336","617"
"219","ALIGN_RAMP","55180","-11","-60.4248046875","-3","-3000","-9000000","43800","261571","261571","0","2902","1336","527"
"220","ALIGN_RAMP","55179","-12","-65.91796875","-1","-1000","2000000","44000","261572","261572","0","2902","1336","437"
"221","ALIGN_RAMP","55179","-12","-65.91796875","0","0","1000000","44200","261573","261573","0","2902","1336","347"
"222","ALIGN_RAMP","55181","-10","-54.931640625","2","2000","2000000","44400","261574","261574","0","2902","1336","257"
"223","ALIGN_RAMP","55180","-11","-60.4248046875","-1","-1000","-3000000","44600","261575","261575","0","2902","1336","167"
"224","ALIGN_RAMP","55180","-11","-60.4248046875","0","0","1000000","44800","261576","261576","0","2902","1336","77"
"225","ALIGN_RAMP","55178","-13","-71.4111328125","-2","-2000","-2000000","45000","261577","261577","0","2902","1336","2142"
"226","ALIGN_RAMP","55178","-13","-71.4111328125","0","0","2000000","45200","261578","261578","0","2902","1336","2052"
"227","ALIGN_RAMP","55179","-12","-65.91796875","1","1000","1000000","45400","261579","261579","0","2902","1336","1962"
"228","ALIGN_RAMP","55174","-17","-93.3837890625","-5","-5000","-6000000","45600","261580","261580","0","2902","1336","1872"
"229","ALIGN_RAMP","55175","-16","-87.890625","1","1000","6000000","45800","261581","261581","0","2902","1336","1782"
"230","ALIGN_RAMP","55180","-11","-60.4248046875","5","5000","4000000","46000","261582","261582","0","2902","1336","1692"
"231","ALIGN_RAMP","55176","-15","-82.3974609375","-4","-4000","-9000000","46200","261583","261583","0","2902","1336","1602"
"232","ALIGN_RAMP","55180","-11","-60.4248046875","4","4000","8000000","46400","261584","261584","0","2902","1336","1512"
"233","ALIGN_RAMP","55177","-14","-76.904296875","-3","-3000","-7000000","46600","261585","261585","0","2902","1336","1422"
"234","ALIGN_RAMP","55175","-16","-87.890625","-2","-2000","1000000","46800","261586","261586","0","2902","1336","1332"
"235","ALIGN_RAMP","55177","-14","-76.904296875","2","2000","4000000","47000","261587","261587","0","2902","1336","1242"
"236","ALIGN_RAMP","55174","-17","-93.3837890625","-3","-3000","-5000000","47200","261588","261588","0","2902","1336","1152"
"237","ALIGN_RAMP","55175","-16","-87.890625","1","1000","4000000","47400","261589","261589","0","2902","1336","1062"
"238","ALIGN_RAMP","55175","-16","-87.890625","0","0","-1000000","47600","261590","261590","0","2902","1336","972"
"239","ALIGN_RAMP","55174","-17","-93.3837890625","-1","-1000","-1000000","47800","261591","261591","0","2902","1336","882"
"240","ALIGN_RAMP","55179","-12","-65.91796875","5","5000","6000000","48000","261592","261592","0","2902","1336","792"
"241","ALIGN_RAMP","55175","-16","-87.890625","-4","-4000","-9000000","48200","261593","261593","0","2902","1336","702"
"242","ALIGN_RAMP","55176","-15","-82.3974609375","1","1000","5000000","48400","261594","261594","0","2902","1336","612"
"243","ALIGN_RAMP","55175","-16","-87.890625","-1","-1000","-2000000","48600","261595","261595","0","2902","1336","522"
"244","ALIGN_RAMP","55175","-16","-87.890625","0","0","1000000","48800","261596","261596","0","2902","1336","432"
"245","ALIGN_RAMP","55176","-15","-82.3974609375","1","1000","1000000","49000","261597","261597","0","2902","1336","342"
"246","ALIGN_RAMP","55176","-15","-82.3974609375","0","0","-1000000","49200","261598","261598","0","2902","1336","252"
"247","ALIGN_RAMP","55173","-18","-98.876953125","-3","-3000","-3000000","49400","261599","261599","0","2902","1336","162"
"248","ALIGN_RAMP","55176","-15","-82.3974609375","3","3000","6000000","49600","261600","261600","0","2902","1336","72"
"249","ALIGN_RAMP","55177","-14","-76.904296875","1","1000","-2000000","49800","261601","261601","0","2902","1336","2137"
"250","ALIGN_RAMP","55175","-16","-87.890625","-2","-2000","-3000000","50000","261602","261602","0","2902","1336","2047"
"251","ALIGN_RAMP","55175","-16","-87.890625","0","0","2000000","50200","261603","261603","0","2902","1336","1957"
"252","ALIGN_RAMP","55178","-13","-71.4111328125","3","3000","3000000","50400","261604","261604","0","2902","1336","1867"
"253","ALIGN_RAMP","55172","-19","-104.3701171875","-6","-6000","-9000000","50600","261605","261605","0","2902","1336","1777"
"254","ALIGN_RAMP","55172","-19","-104.3701171875","0","0","6000000","50800","261606","261606","0","2902","1336","1687"
"255","ALIGN_RAMP","55173","-18","-98.876953125","1","1000","1000000","51000","261607","261607","0","2902","1336","1597"
"256","ALIGN_RAMP","55176","-15","-82.3974609375","3","3000","2000000","51200","261608","261608","0","2902","1336","1507"
"257","ALIGN_RAMP","55172","-19","-104.3701171875","-4","-4000","-7000000","51400","261609","261609","0","2902","1336","1417"
"258","ALIGN_RAMP","55171","-20","-109.86328125","-1","-1000","3000000","51600","261610","261610","0","2902","1336","1327"
"259","ALIGN_RAMP","55170","-21","-115.3564453125","-1","-1000","0","51800","261611","261611","0","2902","1336","1237"
"260","ALIGN_RAMP","55168","-23","-126.3427734375","-2","-2000","-1000000","52000","261612","261612","0","2902","1336","1147"
"261","ALIGN_RAMP","55171","-20","-109.86328125","3","3000","5000000","52200","261613","261613","0","2902","1336","1057"
"262","ALIGN_RAMP","55175","-16","-87.890625","4","4000","1000000","52400","261614","261614","0","2902","1336","967"
"263","ALIGN_RAMP","55172","-19","-104.3701171875","-3","-3000","-7000000","52600","261615","261615","0","2902","1336","877"
"264","ALIGN_RAMP","55170","-21","-115.3564453125","-2","-2000","1000000","52800","261616","261616","0","2902","1336","787"
"265","ALIGN_RAMP","55169","-22","-120.849609375","-1","-1000","1000000","53000","261617","261617","0","2902","1336","697"
"266","ALIGN_RAMP","55169","-22","-120.849609375","0","0","1000000","53200","261618","261618","0","2902","1336","607"
"267","ALIGN_RAMP","55172","-19","-104.3701171875","3","3000","3000000","53400","261619","261619","0","2902","1336","517"
"268","ALIGN_RAMP","55169","-22","-120.849609375","-3","-3000","-6000000","53600","261620","261620","0","2902","1336","427"
"269","ALIGN_RAMP","55169","-22","-120.849609375","0","0","3000000","53800","261621","261621","0","2902","1336","337"
"270","ALIGN_RAMP","55170","-21","-115.3564453125","1","1000","1000000","54000","261622","261622","0","2902","1336","247"
"271","ALIGN_RAMP","55167","-24","-131.8359375","-3","-3000","-4000000","54200","261623","261623","0","2902","1336","157"
"272","ALIGN_RAMP","55172","-19","-104.3701171875","5","5000","8000000","54400","261624","261624","0","2902","1336","67"
"273","ALIGN_RAMP","55165","-26","-142.822265625","-7","-7000","-12000000","54600","261625","261625","0","2902","1336","2132"
"274","ALIGN_RAMP","55172","-19","-104.3701171875","7","7000","14000000","54800","261626","261626","0","2902","1336","2042"
"275","ALIGN_RAMP","55165","-26","-142.822265625","-7","-7000","-14000000","55000","261627","261627","0","2902","1336","1952"
"276","ALIGN_RAMP","55169","-22","-120.849609375","4","4000","11000000","55200","261628","261628","0","2902","1336","1862"
"277","ALIGN_RAMP","55168","-23","-126.3427734375","-1","-1000","-5000000","55400","261629","261629","0","2902","1336","1772"
"278","ALIGN_RAMP","55169","-22","-120.849609375","1","1000","2000000","55600","261630","261630","0","2902","1336","1682"
"279","ALIGN_RAMP","55168","-23","-126.3427734375","-1","-1000","-2000000","55800","261631","261631","0","2902","1336","1592"
"280","ALIGN_RAMP","55169","-22","-120.849609375","1","1000","2000000","56000","261632","261632","0","2902","1336","1502"
"281","ALIGN_RAMP","55163","-28","-153.80859375","-6","-6000","-7000000","56200","261633","261633","0","2902","1336","1412"
"282","ALIGN_RAMP","55166","-25","-137.3291015625","3","3000","9000000","56400","261634","261634","0","2902","1336","1322"
"283","ALIGN_RAMP","55166","-25","-137.3291015625","0","0","-3000000","56600","261635","261635","0","2902","1336","1232"
"284","ALIGN_RAMP","55163","-28","-153.80859375","-3","-3000","-3000000","56800","261636","261636","0","2902","1336","1142"
"285","ALIGN_RAMP","55163","-28","-153.80859375","0","0","3000000","57000","261637","261637","0","2902","1336","1052"
"286","ALIGN_RAMP","55164","-27","-148.3154296875","1","1000","1000000","57200","261638","261638","0","2902","1336","962"
"287","ALIGN_RAMP","55163","-28","-153.80859375","-1","-1000","-2000000","57400","261639","261639","0","2902","1336","872"
"288","ALIGN_RAMP","55162","-29","-159.3017578125","-1","-1000","0","57600","261640","261640","0","2902","1336","782"
"289","ALIGN_RAMP","55162","-29","-159.3017578125","0","0","1000000","57800","261641","261641","0","2902","1336","692"
"290","ALIGN_RAMP","55161","-30","-164.794921875","-1","-1000","-1000000","58000","261642","261642","0","2902","1336","602"
"291","ALIGN_RAMP","55163","-28","-153.80859375","2","2000","3000000","58200","261643","261643","0","2902","1336","512"
"292","ALIGN_RAMP","55160","-31","-170.2880859375","-3","-3000","-5000000","58400","261644","261644","0","2902","1336","422"
"293","ALIGN_RAMP","55162","-29","-159.3017578125","2","2000","5000000","58600","261645","261645","0","2902","1336","332"
"294","ALIGN_RAMP","55160","-31","-170.2880859375","-2","-2000","-4000000","58800","261646","261646","0","2902","1336","242"
"295","ALIGN_RAMP","55163","-28","-153.80859375","3","3000","5000000","59000","261647","261647","0","2902","1336","152"
"296","ALIGN_RAMP","55160","-31","-170.2880859375","-3","-3000","-6000000","59200","261648","261648","0","2902","1336","62"
"297","ALIGN_RAMP","55162","-29","-159.3017578125","2","2000","5000000","59400","261649","261649","0","2902","1336","2127"
"298","ALIGN_RAMP","55157","-34","-186.767578125","-5","-5000","-7000000","59600","261650","261650","0","2902","1336","2037"
"299","ALIGN_RAMP","55158","-33","-181.2744140625","1","1000","6000000","59800","261651","261651","0","2902","1336","1947"
"300","ALIGN_RAMP","55161","-30","-164.794921875","3","3000","2000000","60000","261652","261652","0","2902","1336","1857"
"301","ALIGN_RAMP","55158","-33","-181.2744140625","-3","-3000","-6000000","60200","261653","261653","0","2902","1336","1767"
"302","ALIGN_RAMP","55159","-32","-175.78125","1","1000","4000000","60400","261654","261654","0","2902","1336","1677"
"303","ALIGN_RAMP","55157","-34","-186.767578125","-2","-2000","-3000000","60600","261655","261655","0","2902","1336","1587"
"304","ALIGN_RAMP","55161","-30","-164.794921875","4","4000","6000000","60800","261656","261656","0","2902","1336","1497"
"305","ALIGN_RAMP","55157","-34","-186.767578125","-4","-4000","-8000000","61000","261657","261657","0","2902","1336","1407"
"306","ALIGN_RAMP","55155","-36","-197.75390625","-2","-2000","2000000","61200","261658","261658","0","2902","1336","1317"
"307","ALIGN_RAMP","55154","-37","-203.2470703125","-1","-1000","1000000","61400","261659","261659","0","2902","1336","1227"
"308","ALIGN_RAMP","55157","-34","-186.767578125","3","3000","4000000","61600","261660","261660","0","2902","1336","1137"
"309","ALIGN_RAMP","55156","-35","-192.2607421875","-1","-1000","-4000000","61800","261661","261661","0","2902","1336","1047"
"310","ALIGN_RAMP","55154","-37","-203.2470703125","-2","-2000","-1000000","62000","261662","261662","0","2902","1336","957"
"311","ALIGN_RAMP","55153","-38","-208.740234375","-1","-1000","1000000","62200","261663","261663","0","2902","1336","867"
"312","ALIGN_RAMP","55154","-37","-203.2470703125","1","1000","2000000","62400","261664","261664","0","2902","1336","777"
"313","ALIGN_RAMP","55154","-37","-203.2470703125","0","0","-1000000","62600","261665","261665","0","2902","1336","687"
"314","ALIGN_RAMP","55151","-40","-219.7265625","-3","-3000","-3000000","62800","261666","261666","0","2902","1336","597"
"315","ALIGN_RAMP","55154","-37","-203.2470703125","3","3000","6000000","63000","261667","261667","0","2902","1336","507"
"316","ALIGN_RAMP","55153","-38","-208.740234375","-1","-1000","-4000000","63200","261668","261668","0","2902","1336","417"
"317","ALIGN_RAMP","55152","-39","-214.2333984375","-1","-1000","0","63400","261669","261669","0","2902","1336","327"
"318","ALIGN_RAMP","55151","-40","-219.7265625","-1","-1000","0","63600","261670","261670","0","2902","1336","237"
"319","ALIGN_RAMP","55153","-38","-208.740234375","2","2000","3000000","63800","261671","261671","0","2902","1336","147"
"320","ALIGN_RAMP","55152","-39","-214.2333984375","-1","-1000","-3000000","64000","261672","261672","0","2902","1336","57"
"321","ALIGN_RAMP","55154","-37","-203.2470703125","2","2000","3000000","64200","261673","261673","0","2902","1336","2122"
"322","ALIGN_RAMP","55150","-41","-225.2197265625","-4","-4000","-6000000","64400","261674","261674","0","2902","1336","2032"
"323","ALIGN_RAMP","55152","-39","-214.2333984375","2","2000","6000000","64600","261675","261675","0","2902","1336","1942"
"324","ALIGN_RAMP","55148","-43","-236.2060546875","-4","-4000","-6000000","64800","261676","261676","0","2902","1336","1852"
"325","ALIGN_RAMP","55148","-43","-236.2060546875","0","0","4000000","65000","261677","261677","0","2902","1336","1762"
"326","ALIGN_RAMP","55151","-40","-219.7265625","3","3000","3000000","65200","261678","261678","0","2902","1336","1672"
"327","ALIGN_RAMP","55150","-41","-225.2197265625","-1","-1000","-4000000","65400","261679","261679","0","2902","1336","1582"
"328","ALIGN_RAMP","55147","-44","-241.69921875","-3","-3000","-2000000","65600","261680","261680","0","2902","1336","1492"
"329","ALIGN_RAMP","55146","-45","-247.1923828125","-1","-1000","2000000","65800","261681","261681","0","2902","1336","1402"
"330","ALIGN_RAMP","55146","-45","-247.1923828125","0","0","1000000","66000","261682","261682","0","2902","1336","1312"
"331","ALIGN_RAMP","55145","-46","-252.685546875","-1","-1000","-1000000","66200","261683","261683","0","2902","1336","1222"
"332","ALIGN_RAMP","55144","-47","-258.1787109375","-1","-1000","0","66400","261684","261684","0","2902","1336","1132"
"333","ALIGN_RAMP","55140","-51","-280.1513671875","-4","-4000","-3000000","66600","261685","261685","0","2902","1336","1042"
"334","ALIGN_RAMP","55142","-49","-269.1650390625","2","2000","6000000","66800","261686","261686","0","2902","1336","952"
"335","ALIGN_RAMP","55141","-50","-274.658203125","-1","-1000","-3000000","67000","261687","261687","0","2902","1336","862"
"336","ALIGN_RAMP","55143","-48","-263.671875","2","2000","3000000","67200","261688","261688","0","2902","1336","772"
"337","ALIGN_RAMP","55140","-51","-280.1513671875","-3","-3000","-5000000","67400","261689","261689","0","2902","1336","682"
"338","ALIGN_RAMP","55139","-52","-285.64453125","-1","-1000","2000000","67600","261690","261690","0","2902","1336","592"
"339","ALIGN_RAMP","55134","-57","-313.1103515625","-5","-5000","-4000000","67800","261691","261691","0","2902","1336","502"
"340","ALIGN_RAMP","55138","-53","-291.1376953125","4","4000","9000000","68000","261692","261692","0","2902","1336","412"
"341","ALIGN_RAMP","55137","-54","-296.630859375","-1","-1000","-5000000","68200","261693","261693","0","2902","1336","322"
"342","ALIGN_RAMP","55134","-57","-313.1103515625","-3","-3000","-2000000","68400","261694","261694","0","2902","1336","232"
"343","ALIGN_RAMP","55132","-59","-324.0966796875","-2","-2000","1000000","68600","261695","261695","0","2902","1336","142"
"344","ALIGN_RAMP","55133","-58","-318.603515625","1","1000","3000000","68800","261696","261696","0","2902","1336","52"
"345","ALIGN_RAMP","55134","-57","-313.1103515625","1","1000","0","69000","261697","261697","0","2902","1336","2117"
"346","ALIGN_RAMP","55131","-60","-329.58984375","-3","-3000","-4000000","69200","261698","261698","0","2902","1336","2027"
"347","ALIGN_RAMP","55132","-59","-324.0966796875","1","1000","4000000","69400","261699","261699","0","2902","1336","1937"
"348","ALIGN_RAMP","55129","-62","-340.576171875","-3","-3000","-4000000","69600","261700","261700","0","2902","1336","1847"
"349","ALIGN_RAMP","55130","-61","-335.0830078125","1","1000","4000000","69800","261701","261701","0","2902","1336","1757"
"350","ALIGN_RAMP","55128","-63","-346.0693359375","-2","-2000","-3000000","70000","261702","261702","0","2902","1336","1667"
"351","ALIGN_RAMP","55126","-65","-357.0556640625","-2","-2000","0","70200","261703","261703","0","2902","1336","1577"
"352","ALIGN_RAMP","55129","-62","-340.576171875","3","3000","5000000","70400","261704","261704","0","2902","1336","1487"
"353","ALIGN_RAMP","55125","-66","-362.548828125","-4","-4000","-7000000","70600","261705","261705","0","2902","1336","1397"
"354","ALIGN_RAMP","55124","-67","-368.0419921875","-1","-1000","3000000","70800","261706","261706","0","2902","1336","1307"
"355","ALIGN_RAMP","55123","-68","-373.53515625","-1","-1000","0","71000","261707","261707","0","2902","1336","1217"
"356","ALIGN_RAMP","55126","-65","-357.0556640625","3","3000","4000000","71200","261708","261708","0","2902","1336","1127"
"357","ALIGN_RAMP","55121","-70","-384.521484375","-5","-5000","-8000000","71400","261709","261709","0","2902","1336","1037"
"358","ALIGN_RAMP","55125","-66","-362.548828125","4","4000","9000000","71600","261710","261710","0","2902","1336","947"
"359","ALIGN_RAMP","55121","-70","-384.521484375","-4","-4000","-8000000","71800","261711","261711","0","2902","1336","857"
"360","ALIGN_RAMP","55123","-68","-373.53515625","2","2000","6000000","72000","261712","261712","0","2902","1336","767"
"361","ALIGN_RAMP","55119","-72","-395.5078125","-4","-4000","-6000000","72200","261713","261713","0","2902","1336","677"
"362","ALIGN_RAMP","55117","-74","-406.494140625","-2","-2000","2000000","72400","261714","261714","0","2902","1336","587"
"363","ALIGN_RAMP","55120","-71","-390.0146484375","3","3000","5000000","72600","261715","261715","0","2902","1336","497"
"364","ALIGN_RAMP","55117","-74","-406.494140625","-3","-3000","-6000000","72800","261716","261716","0","2902","1336","407"
"365","ALIGN_RAMP","55117","-74","-406.494140625","0","0","3000000","73000","261717","261717","0","2902","1336","317"
"366","ALIGN_RAMP","55120","-71","-390.0146484375","3","3000","3000000","73200","261718","261718","0","2902","1336","227"
"367","ALIGN_RAMP","55115","-76","-417.48046875","-5","-5000","-8000000","73400","261719","261719","0","2902","1336","137"
"368","ALIGN_RAMP","55109","-82","-450.439453125","-6","-6000","-1000000","73600","261720","261720","0","2902","1336","47"
"369","ALIGN_RAMP","55109","-82","-450.439453125","0","0","6000000","73800","261721","261721","0","2902","1336","2112"
"370","ALIGN_RAMP","55113","-78","-428.466796875","4","4000","4000000","74000","261722","261722","0","2902","1336","2022"
"371","ALIGN_RAMP","55112","-79","-433.9599609375","-1","-1000","-5000000","74200","261723","261723","0","2902","1336","1932"
"372","ALIGN_RAMP","55112","-79","-433.9599609375","0","0","1000000","74400","261724","261724","0","2902","1336","1842"
"373","ALIGN_RAMP","55107","-84","-461.42578125","-5","-5000","-5000000","74600","261725","261725","0","2902","1336","1752"
"374","ALIGN_RAMP","55111","-80","-439.453125","4","4000","9000000","74800","261726","261726","0","2902","1336","1662"
"375","ALIGN_RAMP","55107","-84","-461.42578125","-4","-4000","-8000000","75000","261727","261727","0","2902","1336","1572"
"376","ALIGN_RAMP","55104","-87","-477.9052734375","-3","-3000","1000000","75200","261728","261728","0","2902","1336","1482"
"377","ALIGN_RAMP","55102","-89","-488.8916015625","-2","-2000","1000000","75400","261729","261729","0","2902","1336","1392"
"378","ALIGN_RAMP","55102","-89","-488.8916015625","0","0","2000000","75600","261730","261730","0","2902","1336","1302"
"379","ALIGN_RAMP","55104","-87","-477.9052734375","2","2000","2000000","75800","261731","261731","0","2902","1336","1212"
"380","ALIGN_RAMP","55104","-87","-477.9052734375","0","0","-2000000","76000","261732","261732","0","2902","1336","1122"
"381","ALIGN_RAMP","55100","-91","-499.8779296875","-4","-4000","-4000000","76200","261733","261733","0","2902","1336","1032"
"382","ALIGN_RAMP","55100","-91","-499.8779296875","0","0","4000000","76400","261734","261734","0","2902","1336","942"
"383","ALIGN_RAMP","55100","-91","-499.8779296875","0","0","0","76600","261735","261735","0","2902","1336","852"
"384","ALIGN_RAMP","55100","-91","-499.8779296875","0","0","0","76800","261736","261736","0","2902","1336","762"
"385","ALIGN_RAMP","55098","-93","-510.8642578125","-2","-2000","-2000000","77000","261737","261737","0","2902","1336","672"
"386","ALIGN_RAMP","55098","-93","-510.8642578125","0","0","2000000","77200","261738","261738","0","2902","1336","582"
"387","ALIGN_RAMP","55098","-93","-510.8642578125","0","0","0","77400","261739","261739","0","2902","1336","492"
"388","ALIGN_RAMP","55091","-100","-549.31640625","-7","-7000","-7000000","77600","261740","261740","0","2902","1336","402"
"389","ALIGN_RAMP","55095","-96","-527.34375","4","4000","11000000","77800","261741","261741","0","2902","1336","312"
"390","ALIGN_RAMP","55092","-99","-543.8232421875","-3","-3000","-7000000","78000","261742","261742","0","2902","1336","222"
"391","ALIGN_RAMP","55092","-99","-543.8232421875","0","0","3000000","78200","261743","261743","0","2902","1336","132"
"392","ALIGN_RAMP","55093","-98","-538.330078125","1","1000","1000000","78400","261744","261744","0","2902","1336","42"
"393","ALIGN_RAMP","55089","-102","-560.302734375","-4","-4000","-5000000","78600","261745","261745","0","2902","1336","2107"
"394","ALIGN_RAMP","55088","-103","-565.7958984375","-1","-1000","3000000","78800","261746","261746","0","2902","1336","2017"
"395","ALIGN_RAMP","55090","-101","-554.8095703125","2","2000","3000000","79000","261747","261747","0","2902","1336","1927"
"396","ALIGN_RAMP","55087","-104","-571.2890625","-3","-3000","-5000000","79200","261748","261748","0","2902","1336","1837"
"397","ALIGN_RAMP","55090","-101","-554.8095703125","3","3000","6000000","79400","261749","261749","0","2902","1336","1747"
"398","ALIGN_RAMP","55085","-106","-582.275390625","-5","-5000","-8000000","79600","261750","261750","0","2902","1336","1657"
"399","ALIGN_RAMP","55086","-105","-576.7822265625","1","1000","6000000","79800","261751","261751","0","2902","1336","1567"
"400","ALIGN_RAMP","55085","-106","-582.275390625","-1","-1000","-2000000","80000","261752","261752","0","2903","1336","1543"
"401","ALIGN_RAMP","55084","-107","-587.7685546875","-1","-1000","0","80200","261753","261753","0","2903","1336","1387"
"402","ALIGN_RAMP","55085","-106","-582.275390625","1","1000","2000000","80400","261754","261754","0","2902","1336","1297"
"403","ALIGN_RAMP","55084","-107","-587.7685546875","-1","-1000","-2000000","80600","261755","261755","0","2902","1336","1207"
"404","ALIGN_RAMP","55082","-109","-598.7548828125","-2","-2000","-1000000","80800","261756","261756","0","2902","1336","1117"
"405","ALIGN_RAMP","55083","-108","-593.26171875","1","1000","3000000","81000","261757","261757","0","2902","1336","1027"
"406","ALIGN_RAMP","55082","-109","-598.7548828125","-1","-1000","-2000000","81200","261758","261758","0","2902","1336","937"
"407","ALIGN_RAMP","55081","-110","-604.248046875","-1","-1000","0","81400","261759","261759","0","2902","1336","847"
"408","ALIGN_RAMP","55078","-113","-620.7275390625","-3","-3000","-2000000","81600","261760","261760","0","2902","1336","757"
"409","ALIGN_RAMP","55079","-112","-615.234375","1","1000","4000000","81800","261761","261761","0","2902","1336","667"
"410","ALIGN_RAMP","55078","-113","-620.7275390625","-1","-1000","-2000000","82000","261762","261762","0","2902","1336","577"
"411","ALIGN_RAMP","55079","-112","-615.234375","1","1000","2000000","82200","261763","261763","0","2902","1336","487"
"412","ALIGN_RAMP","55082","-109","-598.7548828125","3","3000","2000000","82400","261764","261764","0","2902","1336","397"
"413","ALIGN_RAMP","55077","-114","-626.220703125","-5","-5000","-8000000","82600","261765","261765","0","2902","1336","307"
"414","ALIGN_RAMP","55077","-114","-626.220703125","0","0","5000000","82800","261766","261766","0","2902","1336","217"
"415","ALIGN_RAMP","55074","-117","-642.7001953125","-3","-3000","-3000000","83000","261767","261767","0","2902","1336","127"
"416","ALIGN_RAMP","55075","-116","-637.20703125","1","1000","4000000","83200","261768","261768","0","2902","1336","37"
"417","ALIGN_RAMP","55071","-120","-659.1796875","-4","-4000","-5000000","83400","261769","261769","0","2902","1336","2102"
"418","ALIGN_RAMP","55074","-117","-642.7001953125","3","3000","7000000","83600","261770","261770","0","2902","1336","2012"
"419","ALIGN_RAMP","55073","-118","-648.193359375","-1","-1000","-4000000","83800","261771","261771","0","2902","1336","1922"
"420","ALIGN_RAMP","55071","-120","-659.1796875","-2","-2000","-1000000","84000","261772","261772","0","2902","1336","1832"
"421","ALIGN_RAMP","55074","-117","-642.7001953125","3","3000","5000000","84200","261773","261773","0","2902","1336","1742"
"422","ALIGN_RAMP","55074","-117","-642.7001953125","0","0","-3000000","84400","261774","261774","0","2902","1336","1652"
"423","ALIGN_RAMP","55071","-120","-659.1796875","-3","-3000","-3000000","84600","261775","261775","0","2902","1336","1562"
"424","ALIGN_RAMP","55065","-126","-692.138671875","-6","-6000","-3000000","84800","261776","261776","0","2902","1336","1472"
"425","ALIGN_RAMP","55067","-124","-681.15234375","2","2000","8000000","85000","261777","261777","0","2902","1336","1382"
"426","ALIGN_RAMP","55065","-126","-692.138671875","-2","-2000","-4000000","85200","261778","261778","0","2902","1336","1292"
"427","ALIGN_RAMP","55067","-124","-681.15234375","2","2000","4000000","85400","261779","261779","0","2902","1336","1202"
"428","ALIGN_RAMP","55062","-129","-708.6181640625","-5","-5000","-7000000","85600","261780","261780","0","2902","1336","1112"
"429","ALIGN_RAMP","55059","-132","-725.09765625","-3","-3000","2000000","85800","261781","261781","0","2902","1336","1022"
"430","ALIGN_RAMP","55064","-127","-697.6318359375","5","5000","8000000","86000","261782","261782","0","2902","1336","932"
"431","ALIGN_RAMP","55067","-124","-681.15234375","3","3000","-2000000","86200","261783","261783","0","2902","1336","842"
"432","ALIGN_RAMP","55065","-126","-692.138671875","-2","-2000","-5000000","86400","261784","261784","0","2902","1336","752"
"433","ALIGN_RAMP","55065","-126","-692.138671875","0","0","2000000","86600","261785","261785","0","2902","1336","662"
"434","ALIGN_RAMP","55065","-126","-692.138671875","0","0","0","86800","261786","261786","0","2902","1336","572"
"435","ALIGN_RAMP","55061","-130","-714.111328125","-4","-4000","-4000000","87000","261787","261787","0","2902","1336","482"
"436","ALIGN_RAMP","55060","-131","-719.6044921875","-1","-1000","3000000","87200","261788","261788","0","2902","1336","392"
"437","ALIGN_RAMP","55058","-133","-730.5908203125","-2","-2000","-1000000","87400","261789","261789","0","2902","1336","302"
"438","ALIGN_RAMP","55061","-130","-714.111328125","3","3000","5000000","87600","261790","261790","0","2902","1336","212"
"439","ALIGN_RAMP","55056","-135","-741.5771484375","-5","-5000","-8000000","87800","261791","261791","0","2902","1336","122"
"440","ALIGN_RAMP","55056","-135","-741.5771484375","0","0","5000000","88000","261792","261792","0","2902","1336","32"
"441","ALIGN_RAMP","55057","-134","-736.083984375","1","1000","1000000","88200","261793","261793","0","2902","1336","2097"
"442","ALIGN_RAMP","55055","-136","-747.0703125","-2","-2000","-3000000","88400","261794","261794","0","2902","1336","2007"
"443","ALIGN_RAMP","55060","-131","-719.6044921875","5","5000","7000000","88600","261795","261795","0","2902","1336","1917"
"444","ALIGN_RAMP","55059","-132","-725.09765625","-1","-1000","-6000000","88800","261796","261796","0","2902","1336","1827"
"445","ALIGN_RAMP","55055","-136","-747.0703125","-4","-4000","-3000000","89000","261797","261797","0","2902","1336","1737"
"446","ALIGN_RAMP","55056","-135","-741.5771484375","1","1000","5000000","89200","261798","261798","0","2902","1336","1647"
"447","ALIGN_RAMP","55052","-139","-763.5498046875","-4","-4000","-5000000","89400","261799","261799","0","2902","1336","1557"
"448","ALIGN_RAMP","55052","-139","-763.5498046875","0","0","4000000","89600","261800","261800","0","2902","1336","1467"
"449","ALIGN_RAMP","55052","-139","-763.5498046875","0","0","0","89800","261801","261801","0","2902","1336","1377"
"450","ALIGN_RAMP","55051","-140","-769.04296875","-1","-1000","-1000000","90000","261802","261802","0","2902","1336","1287"
"451","ALIGN_RAMP","55049","-142","-780.029296875","-2","-2000","-1000000","90200","261803","261803","0","2902","1336","1197"
"452","ALIGN_RAMP","55048","-143","-785.5224609375","-1","-1000","1000000","90400","261804","261804","0","2902","1336","1107"
"453","ALIGN_RAMP","55051","-140","-769.04296875","3","3000","4000000","90600","261805","261805","0","2902","1336","1017"
"454","ALIGN_RAMP","55049","-142","-780.029296875","-2","-2000","-5000000","90800","261806","261806","0","2902","1336","927"
"455","ALIGN_RAMP","55045","-146","-802.001953125","-4","-4000","-2000000","91000","261807","261807","0","2902","1336","837"
"456","ALIGN_RAMP","55043","-148","-812.98828125","-2","-2000","2000000","91200","261808","261808","0","2902","1336","747"
"457","ALIGN_RAMP","55046","-145","-796.5087890625","3","3000","5000000","91400","261809","261809","0","2902","1336","657"
"458","ALIGN_RAMP","55046","-145","-796.5087890625","0","0","-3000000","91600","261810","261810","0","2902","1336","567"
"459","ALIGN_RAMP","55046","-145","-796.5087890625","0","0","0","91800","261811","261811","0","2902","1336","477"
"460","ALIGN_RAMP","55043","-148","-812.98828125","-3","-3000","-3000000","92000","261812","261812","0","2902","1336","387"
"461","ALIGN_RAMP","55043","-148","-812.98828125","0","0","3000000","92200","261813","261813","0","2902","1336","297"
"462","ALIGN_RAMP","55044","-147","-807.4951171875","1","1000","1000000","92400","261814","261814","0","2902","1336","207"
"463","ALIGN_RAMP","55042","-149","-818.4814453125","-2","-2000","-3000000","92600","261815","261815","0","2902","1336","117"
"464","ALIGN_RAMP","55040","-151","-829.4677734375","-2","-2000","0","92800","261816","261816","0","2902","1336","27"
"465","ALIGN_RAMP","55042","-149","-818.4814453125","2","2000","4000000","93000","261817","261817","0","2902","1336","2092"
"466","ALIGN_RAMP","55039","-152","-834.9609375","-3","-3000","-5000000","93200","261818","261818","0","2902","1336","2002"
"467","ALIGN_RAMP","55040","-151","-829.4677734375","1","1000","4000000","93400","261819","261819","0","2902","1336","1912"
"468","ALIGN_RAMP","55038","-153","-840.4541015625","-2","-2000","-3000000","93600","261820","261820","0","2902","1336","1822"
"469","ALIGN_RAMP","55036","-155","-851.4404296875","-2","-2000","0","93800","261821","261821","0","2902","1336","1732"
"470","ALIGN_RAMP","55033","-158","-867.919921875","-3","-3000","-1000000","94000","261822","261822","0","2902","1336","1642"
"471","ALIGN_RAMP","55034","-157","-862.4267578125","1","1000","4000000","94200","261823","261823","0","2902","1336","1552"
"472","ALIGN_RAMP","55037","-154","-845.947265625","3","3000","2000000","94400","261824","261824","0","2902","1336","1462"
"473","ALIGN_RAMP","55034","-157","-862.4267578125","-3","-3000","-6000000","94600","261825","261825","0","2902","1336","1372"
"474","ALIGN_RAMP","55033","-158","-867.919921875","-1","-1000","2000000","94800","261826","261826","0","2902","1336","1282"
"475","ALIGN_RAMP","55034","-157","-862.4267578125","1","1000","2000000","95000","261827","261827","0","2902","1336","1192"
"476","ALIGN_RAMP","55027","-164","-900.87890625","-7","-7000","-8000000","95200","261828","261828","0","2902","1336","1102"
"477","ALIGN_RAMP","55032","-159","-873.4130859375","5","5000","12000000","95400","261829","261829","0","2902","1336","1012"
"478","ALIGN_RAMP","55024","-167","-917.3583984375","-8","-8000","-13000000","95600","261830","261830","0","2902","1336","922"
"479","ALIGN_RAMP","55031","-160","-878.90625","7","7000","15000000","95800","261831","261831","0","2902","1336","832"
"480","ALIGN_RAMP","55025","-166","-911.865234375","-6","-6000","-13000000","96000","261832","261832","0","2902","1336","742"
"481","ALIGN_RAMP","55024","-167","-917.3583984375","-1","-1000","5000000","96200","261833","261833","0","2902","1336","652"
"482","ALIGN_RAMP","55024","-167","-917.3583984375","0","0","1000000","96400","261834","261834","0","2902","1336","562"
"483","ALIGN_RAMP","55022","-169","-928.3447265625","-2","-2000","-2000000","96600","261835","261835","0","2902","1336","472"
"484","ALIGN_RAMP","55019","-172","-944.82421875","-3","-3000","-1000000","96800","261836","261836","0","2902","1336","382"
"485","ALIGN_RAMP","55020","-171","-939.3310546875","1","1000","4000000","97000","261837","261837","0","2902","1336","292"
"486","ALIGN_RAMP","55017","-174","-955.810546875","-3","-3000","-4000000","97200","261838","261838","0","2902","1336","202"
"487","ALIGN_RAMP","55015","-176","-966.796875","-2","-2000","1000000","97400","261839","261839","0","2902","1336","112"
"488","ALIGN_RAMP","55016","-175","-961.3037109375","1","1000","3000000","97600","261840","261840","0","2902","1336","22"
"489","ALIGN_RAMP","55012","-179","-983.2763671875","-4","-4000","-5000000","97800","261841","261841","0","2902","1336","2087"
"490","ALIGN_RAMP","55009","-182","-999.755859375","-3","-3000","1000000","98000","261842","261842","0","2902","1336","1997"
"491","ALIGN_RAMP","55005","-186","-1021.728515625","-4","-4000","-1000000","98200","261843","261843","0","2902","1336","1907"
"492","ALIGN_RAMP","55003","-188","-1032.71484375","-2","-2000","2000000","98400","261844","261844","0","2902","1336","1817"
"493","ALIGN_RAMP","55001","-190","-1043.701171875","-2","-2000","0","98600","261845","261845","0","2902","1336","1727"
"494","ALIGN_RAMP","55000","-191","-1049.1943359375","-1","-1000","1000000","98800","261846","261846","0","2902","1336","1637"
"495","ALIGN_RAMP","54998","-193","-1060.1806640625","-2","-2000","-1000000","99000","261847","261847","0","2902","1336","1547"
"496","ALIGN_RAMP","54990","-201","-1104.1259765625","-8","-8000","-6000000","99200","261848","261848","0","2902","1336","1457"
"497","ALIGN_RAMP","54990","-201","-1104.1259765625","0","0","8000000","99400","261849","261849","0","2902","1336","1367"
"498","ALIGN_RAMP","54990","-201","-1104.1259765625","0","0","0","99600","261850","261850","0","2902","1336","1277"
"499","ALIGN_RAMP","54983","-208","-1142.578125","-7","-7000","-7000000","99800","261851","261851","0","2902","1336","1187"
"500","ALIGN_RAMP","54977","-214","-1175.537109375","-6","-6000","1000000","100000","261852","261852","0","2903","1336","1097"
"501","ALIGN_HOLD","54974","-217","-1192.0166015625","-3","-3000","3000000","100000","261853","261853","0","2903","1336","1007"
"502","ALIGN_HOLD","54970","-221","-1213.9892578125","-4","-4000","-1000000","100000","261854","261854","0","2903","1336","917"
"503","ALIGN_HOLD","54966","-225","-1235.9619140625","-4","-4000","0","100000","261855","261855","0","2903","1336","827"
"504","ALIGN_HOLD","54957","-234","-1285.400390625","-9","-9000","-5000000","100000","261856","261856","0","2903","1336","737"
"505","ALIGN_HOLD","54950","-241","-1323.8525390625","-7","-7000","2000000","100000","261857","261857","0","2903","1336","647"
"506","ALIGN_HOLD","54947","-244","-1340.33203125","-3","-3000","4000000","100000","261858","261858","0","2903","1336","557"
"507","ALIGN_HOLD","54939","-252","-1384.27734375","-8","-8000","-5000000","100000","261859","261859","0","2903","1336","467"
"508","ALIGN_HOLD","54929","-262","-1439.208984375","-10","-10000","-2000000","100000","261860","261860","0","2903","1336","377"
"509","ALIGN_HOLD","54920","-271","-1488.6474609375","-9","-9000","1000000","100000","261861","261861","0","2903","1336","287"
"510","ALIGN_HOLD","54907","-284","-1560.05859375","-13","-13000","-4000000","100000","261862","261862","0","2903","1336","197"
"511","ALIGN_HOLD","54900","-291","-1598.5107421875","-7","-7000","6000000","100000","261863","261863","0","2903","1336","107"
"512","ALIGN_HOLD","54886","-305","-1675.4150390625","-14","-14000","-7000000","100000","261864","261864","0","2903","1336","17"
"513","ALIGN_HOLD","54874","-317","-1741.3330078125","-12","-12000","2000000","100000","261865","261865","0","2903","1336","2082"
"514","ALIGN_HOLD","54862","-329","-1807.2509765625","-12","-12000","0","100000","261866","261866","0","2903","1336","1992"
"515","ALIGN_HOLD","54845","-346","-1900.634765625","-17","-17000","-5000000","100000","261867","261867","0","2903","1336","1902"
"516","ALIGN_HOLD","54829","-362","-1988.525390625","-16","-16000","1000000","100000","261868","261868","0","2903","1336","1812"
"517","ALIGN_HOLD","54814","-377","-2070.9228515625","-15","-15000","1000000","100000","261869","261869","0","2903","1336","1722"
"518","ALIGN_HOLD","54794","-397","-2180.7861328125","-20","-20000","-5000000","100000","261870","261870","0","2903","1336","1632"
"519","ALIGN_HOLD","54772","-419","-2301.6357421875","-22","-22000","-2000000","100000","261871","261871","0","2903","1336","1542"
"520","ALIGN_HOLD","54757","-434","-2384.033203125","-15","-15000","7000000","100000","261872","261872","0","2903","1336","1452"
"521","ALIGN_HOLD","54733","-458","-2515.869140625","-24","-24000","-9000000","100000","261873","261873","0","2903","1336","1362"
"522","ALIGN_HOLD","54708","-483","-2653.1982421875","-25","-25000","-1000000","100000","261874","261874","0","2903","1336","1272"
"523","ALIGN_HOLD","54681","-510","-2801.513671875","-27","-27000","-2000000","100000","261875","261875","0","2903","1336","1182"
"524","ALIGN_HOLD","54656","-535","-2938.8427734375","-25","-25000","2000000","100000","261876","261876","0","2903","1336","1092"
"525","ALIGN_HOLD","54628","-563","-3092.6513671875","-28","-28000","-3000000","100000","261877","261877","0","2903","1336","1002"
"526","ALIGN_HOLD","54596","-595","-3268.4326171875","-32","-32000","-4000000","100000","261878","261878","0","2903","1336","912"
"527","ALIGN_HOLD","54561","-630","-3460.693359375","-35","-35000","-3000000","100000","261879","261879","0","2903","1336","822"
"528","ALIGN_HOLD","54518","-673","-3696.8994140625","-43","-43000","-8000000","100000","261880","261880","0","2903","1336","732"
"529","ALIGN_HOLD","54473","-718","-3944.091796875","-45","-45000","-2000000","100000","261881","261881","0","2903","1336","642"
"530","ALIGN_HOLD","54421","-770","-4229.736328125","-52","-52000","-7000000","100000","261882","261882","0","2903","1336","552"
