Group,XMetric,YMetric,n,slope,intercept,pearson_r,r2,residual_sd,slope_se,slope_ci95_low,slope_ci95_high
ALL,ShadowP2P_Deg,NL_RobustP2P_Deg,55,0.7459237558301977,0.6222084948717987,0.8402835032886172,0.7060763658989919,0.07982497426172587,0.06610707181361093,0.6109331151868042,0.8809143964735912
ALL,RMS_AC_Deg,NL_RobustP2P_Deg,55,5.316957541744072,-0.7949325187614438,0.8639290188628541,0.7463733496333337,0.07415133525932142,0.425740179146569,4.447596095926778,6.186318987561366
ALL,A36_Deg,NL_RobustP2P_Deg,55,3.042488367553028,0.5554401455025642,0.6502772417024446,0.42286049107613966,0.11185668275241376,0.4882394183218188,2.045503475339874,4.039473259766182
ALL,ClosureErrorDeg,NL_RobustP2P_Deg,55,0.8348237752956238,3.1876830082252483,0.8834542561767998,0.780491422756903,0.0689838264165232,0.0608132976878271,0.7106430214170809,0.9590045291741667
ALL,ApproachReturnErrorDeg,NL_RobustP2P_Deg,55,0.21545222405615952,3.1547804322700137,0.31076492924175897,0.0965748412466354,0.13994829867769337,0.09051637138377225,0.03061779369049661,0.40028665442182243
ALL,AnalysisStartRawCentered,NL_RobustP2P_Deg,55,-2.3853754786360936e-06,3.192437709090909,-0.46658153610076347,0.2176983298301478,0.13022928662604621,6.211241219034362e-07,-3.6537109355629104e-06,-1.1170400217092769e-06
P02_R1,ShadowP2P_Deg,NL_RobustP2P_Deg,11,0.16517044200869105,2.698381530838832,0.4355132227400706,0.18967176718144552,0.013855101927582098,0.1137994639293703,-0.09224394539954459,0.42258482941692666
P02_R1,RMS_AC_Deg,NL_RobustP2P_Deg,11,1.2781811750898957,2.281270161282956,0.28928331726697065,0.0836848376489876,0.01473335578054509,1.409841238745704,-1.9108797069528867,4.467242057132678
P02_R1,A36_Deg,NL_RobustP2P_Deg,11,0.08561954645863325,3.1903189571878783,0.031687012124442096,0.0010040667373754086,0.015383710552924068,0.9002274229173352,-1.9506948841803786,2.1219339770976453
P02_R1,ClosureErrorDeg,NL_RobustP2P_Deg,11,-0.03650422615670601,3.268172407291423,-0.11223302369109336,0.012596251606850295,0.015294195088150431,0.10773296534779372,-0.2801961937734154,0.2071877414600034
P02_R1,ApproachReturnErrorDeg,NL_RobustP2P_Deg,11,0.13183387536643157,3.2136686489361694,0.20503673444083428,0.042040062470157125,0.01506443727122972,0.20977211702701568,-0.34267065334867786,0.606338404081541
P02_R1,AnalysisStartRawCentered,NL_RobustP2P_Deg,11,-0.00028719143496324,-6.66894597168981,-0.14835166532952337,0.0220082166060257,0.015221128166904819,0.0006381538681579816,-0.0017306954847365946,0.0011563126148101143
P02_R2,ShadowP2P_Deg,NL_RobustP2P_Deg,11,0.23028217919630706,2.475706980052793,0.47056649278688756,0.2214328241337461,0.015261727467749338,0.14393490364121275,-0.09529857284011617,0.5558629312327303
P02_R2,RMS_AC_Deg,NL_RobustP2P_Deg,11,3.132230862886836,0.8530795564470828,0.5766382048553197,0.33251161929875805,0.014131149923073053,1.4792819288831696,-0.2139048602468936,6.478366586020566
P02_R2,A36_Deg,NL_RobustP2P_Deg,11,1.0266567843393335,2.349980668571256,0.25399562585502056,0.06451377795348379,0.016729168162354282,1.303156236892663,-1.9210826235118703,3.9743961921905373
P02_R2,ClosureErrorDeg,NL_RobustP2P_Deg,11,-0.7864431745984435,3.2889286027081512,-0.5267869765680341,0.27750451868168247,0.014701891610050052,0.4229885689004121,-1.7432433174511757,0.1703569682542887
P02_R2,ApproachReturnErrorDeg,NL_RobustP2P_Deg,11,0.5851014147670317,3.035371458064513,0.7352691105919867,0.5406206649907297,0.01172307048876645,0.179783280069029,0.17843163525088812,0.9917711942831753
P02_R2,AnalysisStartRawCentered,NL_RobustP2P_Deg,11,0.005095100502512574,179.55042787437225,0.5906375375770887,0.34885270079516373,0.013957102589966816,0.0023203317210946798,-0.0001534898506035916,0.01034369085562874
P04,ShadowP2P_Deg,NL_RobustP2P_Deg,11,1.0200577741696593,-0.41196183294382926,0.9948962951196555,0.9898186380428162,0.018978501755492407,0.034484873754046,0.9420529897380072,1.0980625586013113
P04,RMS_AC_Deg,NL_RobustP2P_Deg,11,7.762596183026254,-2.533376576965073,0.9897282450551673,0.9795619990599816,0.026889219299232162,0.3737566965763158,6.9171585353706275,8.60803383068188
P04,A36_Deg,NL_RobustP2P_Deg,11,29.461062628897658,-21.94783164502546,0.8179665779903077,0.6690693227091754,0.10820005954969468,6.906533264193881,13.8384843852911,45.08364087250422
P04,ClosureErrorDeg,NL_RobustP2P_Deg,11,1.0965518347503345,3.098396924691003,0.9716284915955151,0.9440619256801764,0.0444849125879762,0.08897365377847126,0.8952934299034325,1.2978102395972364
P04,ApproachReturnErrorDeg,NL_RobustP2P_Deg,11,4.081763860399322,3.591875137792104,0.5968906169144367,0.35627840856049664,0.15090652686312706,1.828861879824739,-0.055121711764237524,8.21864943256288
P04,AnalysisStartRawCentered,NL_RobustP2P_Deg,11,-0.005052810130181058,113.84853382841025,-0.9870908460061144,0.9743483382690677,0.030124284313973314,0.00027328283353604955,-0.005670975899639602,-0.004434644360722514
P05,ShadowP2P_Deg,NL_RobustP2P_Deg,11,1.2328454464973055,-1.194187819568493,0.9970361986447334,0.9940811814079402,0.01602726649944225,0.03170983404919395,1.1611178018780288,1.3045730911165823
P05,RMS_AC_Deg,NL_RobustP2P_Deg,11,8.23314138510174,-2.8636108725653373,0.9950887735063287,0.9902016671583299,0.020621394836124452,0.27299744732123354,7.61562115926111,8.850661610942371
P05,A36_Deg,NL_RobustP2P_Deg,11,27.2368311272221,-20.12368209482602,0.9210291726130122,0.8482947368042091,0.08114135724778287,3.8393902821775137,18.55213030893656,35.92153194550764
P05,ClosureErrorDeg,NL_RobustP2P_Deg,11,0.7838036006728627,3.1510995006922946,0.9884162060597945,0.9769665964016381,0.03161702498801757,0.04011670000314634,0.6930596252657457,0.8745475760799797
P05,ApproachReturnErrorDeg,NL_RobustP2P_Deg,11,5.175538413263715,3.1784119480626543,0.675560057041006,0.4563813906692473,0.153599252199616,1.8828575991951337,0.9165145238843229,9.434562302643108
P05,AnalysisStartRawCentered,NL_RobustP2P_Deg,11,-0.004242209223702971,97.2077939003562,-0.9905745686143226,0.9812379759854487,0.028535256943286662,0.00019553454672280117,-0.0046845083683899474,-0.0037999100790159952
P06,ShadowP2P_Deg,NL_RobustP2P_Deg,11,0.10634428566485234,2.6878485201093625,0.32529307926549506,0.10581558741802655,0.015340797695364164,0.10304611611218577,-0.12674602898091186,0.33943460031061656
P06,RMS_AC_Deg,NL_RobustP2P_Deg,11,1.388795436273588,2.0143809144105997,0.2622052368111636,0.06875158621118693,0.01565550813856447,1.7037600778745305,-2.4651098598786003,5.242700732425776
P06,A36_Deg,NL_RobustP2P_Deg,11,0.44857133406133864,2.6605485284719332,0.13430900482697702,0.018038908777610496,0.016076130952758175,1.1031949638230885,-2.046855674106488,2.9439983422291647
P06,ClosureErrorDeg,NL_RobustP2P_Deg,11,0.28924222445541226,3.0737982580952092,0.571324670075517,0.3264118786368919,0.013314706733066194,0.13850156175220468,-0.024048308228074744,0.6025327571388992
P06,ApproachReturnErrorDeg,NL_RobustP2P_Deg,11,-0.2422537878721072,3.065334041896362,-0.3511234178614802,0.123287654570723,0.015190181264898352,0.21533671692825015,-0.7293454415638091,0.24483786581959469
P06,AnalysisStartRawCentered,NL_RobustP2P_Deg,11,-0.0015706035447761474,42.50471835960043,-0.4505333777783073,0.2029803244923022,0.014483346358055874,0.0010374158253485157,-0.00391723814171449,0.0007760310521621953
