motor,config,n_config,n_baseline,effective_weight,max_order,rmse_deg,r2,aicc,bic,max_abs_residual_deg,top10pct_residual_energy_fraction
P011,path1,3,10,2.3076923076923075,1,0.13246339051686984,0.761313058083515,-1449.3758424673924,-1437.784946103379,0.32007102871911597,0.4053848331917098
P011,path1,3,10,2.3076923076923075,2,0.11097081710032619,0.8324846944009154,-1572.7418837691796,-1553.4808551373526,0.22534777098214276,0.31720441130932175
P011,path1,3,10,2.3076923076923075,3,0.07910765426276706,0.9148717040782581,-1812.2826804058288,-1785.3981340038595,0.2303903409912371,0.4106000183987563
P011,path1,3,10,2.3076923076923075,4,0.04888959055169016,0.9674860505317988,-2154.5830739527873,-2120.1224233840217,0.1567556029664196,0.5135916930403082
P011,path1,3,10,2.3076923076923075,5,0.04726274738895358,0.9696139076438024,-2174.7050496116553,-2132.716525955359,0.14299267359313916,0.4868871439796201
P011,path1,3,10,2.3076923076923075,6,0.04088078461967502,0.9772660253492739,-2274.856477700424,-2225.389148412959,0.13400457843876623,0.4289873536869205
P011,path1,3,10,2.3076923076923075,12,0.0236576987581659,0.9923865426147234,-2641.8357998852557,-2548.575414667864,0.08087141367885275,0.4554664181315097
P011,path1,3,10,2.3076923076923075,18,0.02161052948417742,0.9936471625705486,-2678.160797749757,-2543.10786784076,0.07376040186165234,0.4592812720629465
P011,path2_new,3,10,2.3076923076923075,1,0.08208285804688611,0.7266911734950425,-1793.9513603623825,-1782.3604639983691,0.2538775178302486,0.46423237022763664
P011,path2_new,3,10,2.3076923076923075,2,0.07525737285230762,0.7702545997966688,-1852.356317949811,-1833.095289317984,0.21908372908081833,0.5023276049992943
P011,path2_new,3,10,2.3076923076923075,3,0.07364842886153661,0.7799731450938808,-1863.7675957169863,-1836.883049315017,0.20443929069245165,0.4556734996164386
P011,path2_new,3,10,2.3076923076923075,4,0.05393579455290303,0.8819943287112967,-2083.8575835890992,-2049.3969330203336,0.19148734810750853,0.4696451305173153
P011,path2_new,3,10,2.3076923076923075,5,0.052511606400048545,0.8881439893263233,-2098.880542172837,-2056.8920185165407,0.2031404177932415,0.45725531590394447
P011,path2_new,3,10,2.3076923076923075,6,0.05152763461214774,0.892296670030497,-2108.2066318669326,-2058.7393025794677,0.2003196460779266,0.44012603076379914
P011,path2_new,3,10,2.3076923076923075,12,0.029988458925296207,0.963519816454243,-2471.1065095866456,-2377.846124369254,0.11658708036856136,0.4816386613529926
P011,path2_new,3,10,2.3076923076923075,18,0.02835262977180497,0.9673911553500752,-2482.6526351294674,-2347.5997052204702,0.11798707076970578,0.5297045511111662
P011,path2_old,3,10,2.3076923076923075,1,0.051147914864674175,0.6446051448854109,-2134.516742087253,-2122.9258457232395,0.10609512183911499,0.32317299671030414
P011,path2_old,3,10,2.3076923076923075,2,0.03472530189412018,0.8361873902114074,-2409.2369299721213,-2389.9759013402945,0.11895997073730977,0.4172733538392139
P011,path2_old,3,10,2.3076923076923075,3,0.03373916377479207,0.8453592675730295,-2425.830928503702,-2398.946382101733,0.11311175878163249,0.419715129044392
P011,path2_old,3,10,2.3076923076923075,4,0.029749338237077302,0.8797708191705257,-2512.24855607194,-2477.7879055031744,0.13347591119673285,0.47657614326236275
P011,path2_old,3,10,2.3076923076923075,5,0.02961655980280434,0.8808416475047999,-2511.224946639182,-2469.2364229828854,0.13512090359933657,0.4787371453882916
P011,path2_old,3,10,2.3076923076923075,6,0.029595192190437863,0.8810135250637532,-2507.451193805842,-2457.9838645183772,0.1366795356038616,0.47926793417903796
P011,path2_old,3,10,2.3076923076923075,12,0.015094930072000868,0.9690459499743402,-2965.353155251298,-2872.0927700339066,0.08708096947866688,0.6209613285375284
P011,path2_old,3,10,2.3076923076923075,18,0.014542232732896787,0.9712712023264776,-2963.3698284455177,-2828.3168985365205,0.08372089795921162,0.6037823811046105
P013,path2_new,3,10,2.3076923076923075,1,0.19254298951374899,0.21309684024554654,-1180.0863804567578,-1168.4954840927444,0.3475220607871037,0.2524838323005836
P013,path2_new,3,10,2.3076923076923075,2,0.053445372754078825,0.939370206536866,-2098.7790645306213,-2079.5180358987946,0.1544365883909155,0.49303223041897787
P013,path2_new,3,10,2.3076923076923075,3,0.0507416722545055,0.9453493389295495,-2132.0074111650983,-2105.122864763129,0.15069597489243727,0.42901783889527956
P013,path2_new,3,10,2.3076923076923075,4,0.03972819080261708,0.9664985623764413,-2303.985572488529,-2269.5249219197635,0.10981956471677534,0.4349257357998383
P013,path2_new,3,10,2.3076923076923075,5,0.035431414930343796,0.9733533351316067,-2382.154005283322,-2340.1654816270257,0.11522411524045678,0.45844845120628325
P013,path2_new,3,10,2.3076923076923075,6,0.03404775366011519,0.9753938993444018,-2406.54165554187,-2357.074326254405,0.10362185567287521,0.42057106067971817
P013,path2_new,3,10,2.3076923076923075,12,0.02582197860562682,0.9858471174725688,-2578.8088557802985,-2485.548470562907,0.07971763283973149,0.46461126347683324
P013,path2_new,3,10,2.3076923076923075,18,0.021408009405995958,0.990272114687638,-2684.939992826405,-2549.887062917408,0.07133962929276223,0.48194458140708435
P013,path2_old,3,10,2.3076923076923075,1,0.08694004081858726,0.05541434001067025,-1752.5589246910854,-1740.968028327072,0.1790521956097747,0.3098233492805363
P013,path2_old,3,10,2.3076923076923075,2,0.03992764074099831,0.8007726459818162,-2308.7247485334096,-2289.463719901583,0.09825276241859947,0.4154824976109268
P013,path2_old,3,10,2.3076923076923075,3,0.037588036383021634,0.8234364932793576,-2348.051829755725,-2321.167283353756,0.10544848295658923,0.4025143017935557
P013,path2_old,3,10,2.3076923076923075,4,0.032596330178507965,0.867218036894566,-2446.4457233591156,-2411.98507279035,0.09370022968009643,0.39304046319608027
P013,path2_old,3,10,2.3076923076923075,5,0.030290477104611264,0.8853394827698844,-2495.0251493564706,-2453.036625700174,0.09179483614390767,0.42705040152429147
P013,path2_old,3,10,2.3076923076923075,6,0.027589758521178304,0.9048743872435124,-2557.9716399790673,-2508.5043106916023,0.07639099544173229,0.3985277125846831
P013,path2_old,3,10,2.3076923076923075,12,0.020036915007599337,0.9498277727566108,-2761.436633004778,-2668.1762477873863,0.07418071948303162,0.4292317123029904
P013,path2_old,3,10,2.3076923076923075,18,0.019117990759394476,0.9543241999265504,-2766.397413879629,-2631.3444839706317,0.06355567495377135,0.437950916483124
P03,path2_old,3,10,2.3076923076923075,1,0.06034598622355721,0.6491417855943922,-2015.448390480347,-2003.8574941163336,0.2057326557191107,0.4607386393447208
P03,path2_old,3,10,2.3076923076923075,2,0.05380121652144978,0.7211189134403564,-2094.00113258055,-2074.740103948723,0.18646657919114396,0.5084045669783995
P03,path2_old,3,10,2.3076923076923075,3,0.05376747944851047,0.7214685591263232,-2090.304073556419,-2063.41952715445,0.18383005633561222,0.5070229860132556
P03,path2_old,3,10,2.3076923076923075,4,0.04966519600378061,0.7623492562630387,-2143.25034270555,-2108.789692136784,0.16971992759339039,0.5465259299435197
P03,path2_old,3,10,2.3076923076923075,5,0.04935766769148643,0.7652832248310979,-2143.4781283789825,-2101.489604722686,0.16631137058700618,0.5577681737104323
P03,path2_old,3,10,2.3076923076923075,6,0.049323767342326026,0.765605535363818,-2139.6794137747497,-2090.2120844872848,0.1649934270656821,0.558160876092881
P03,path2_old,3,10,2.3076923076923075,12,0.03263237008838516,0.8974036038686092,-2410.272170177816,-2317.0117849604244,0.12429937818971262,0.6141867412369517
P03,path2_old,3,10,2.3076923076923075,18,0.032159670138458475,0.9003544195460015,-2391.9373867064874,-2256.88445679749,0.12235667262357205,0.6077348504017881
P08,path1,3,10,2.3076923076923075,1,0.15345673385174202,0.012369171517854327,-1343.4549476774043,-1331.864051313391,0.3152378872552789,0.2942149387372421
P08,path1,3,10,2.3076923076923075,2,0.06309053196885778,0.833063572420416,-1979.3233979604797,-1960.0623693286527,0.1692755689139133,0.4191528139561416
P08,path1,3,10,2.3076923076923075,3,0.056607197786321416,0.8656102797068724,-2053.2475935736834,-2026.3630471717142,0.14180348683326854,0.3606980078922299
P08,path1,3,10,2.3076923076923075,4,0.042703623276444926,0.9235192413691279,-2251.9852001164045,-2217.524549547639,0.13320093562354482,0.41090357630594465
P08,path1,3,10,2.3076923076923075,5,0.041422254282756234,0.9280401585912161,-2269.6760189601664,-2227.68749530387,0.12092710556127201,0.4199874435878523
P08,path1,3,10,2.3076923076923075,6,0.041203819423758246,0.9287970991900755,-2269.189489052187,-2219.722159764722,0.12329010340299593,0.4257232032846533
P08,path1,3,10,2.3076923076923075,12,0.032652027960286274,0.955286048006026,-2409.838569850031,-2316.5781846326395,0.1150507778013373,0.44245413270548684
P08,path1,3,10,2.3076923076923075,18,0.027848335261122684,0.9674747072519121,-2495.574185242622,-2360.521255333625,0.10553536991653495,0.5012534900418851
P08,path2_new,2,10,1.6666666666666667,1,0.08434214283978311,0.29674678516087116,-1774.4015934255074,-1762.810697061494,0.22680253802694766,0.40117649156514273
P08,path2_new,2,10,1.6666666666666667,2,0.06578856232045689,0.5721187494653039,-1949.173190562186,-1929.912161930359,0.22677531699514647,0.48357645049549425
P08,path2_new,2,10,1.6666666666666667,3,0.05397714484908496,0.7119669774123987,-2087.5019053750475,-2060.6173589730784,0.21333518947069036,0.4969827944810959
P08,path2_new,2,10,1.6666666666666667,4,0.04863303427227014,0.7661780932009471,-2158.3713425243895,-2123.910691955624,0.18253908201791805,0.4985397514103176
P08,path2_new,2,10,1.6666666666666667,5,0.04824694635663029,0.7698758872282978,-2159.865752935029,-2117.8772292787326,0.17606208304374366,0.48608812159754683
P08,path2_new,2,10,1.6666666666666667,6,0.04712467230059051,0.7804572241154197,-2172.5181595702825,-2123.0508302828175,0.17466963992852907,0.48888532402745466
P08,path2_new,2,10,1.6666666666666667,12,0.037616480376706514,0.860112541291224,-2307.9331564724193,-2214.672771255028,0.1508864977965319,0.4926136294501763
P08,path2_new,2,10,1.6666666666666667,18,0.035820473656434634,0.8731515650685532,-2314.3167553676253,-2179.263825458628,0.1276831317543756,0.5068392953052929
P08,path2_old,3,10,2.3076923076923075,1,0.25593519546208743,0.19063079096455393,-975.1709109475362,-963.5800145835228,0.4715168231121773,0.28203823904064557
P08,path2_old,3,10,2.3076923076923075,2,0.0662932219136788,0.9456968646046582,-1943.6711953037207,-1924.4101666718936,0.1578858132768049,0.36795638868930963
P08,path2_old,3,10,2.3076923076923075,3,0.05129767100410088,0.9674851355060206,-2124.1609658854823,-2097.276419483513,0.14818795455986505,0.3774894024970017
P08,path2_old,3,10,2.3076923076923075,4,0.04554200829170479,0.9743722187299831,-2205.652200547815,-2171.1915499790493,0.14401249135472388,0.4116458951262523
P08,path2_old,3,10,2.3076923076923075,5,0.04528062592790277,0.9746655490984787,-2205.552114924745,-2163.563591268449,0.14177527746803134,0.42130054165181535
P08,path2_old,3,10,2.3076923076923075,6,0.04411735380207204,0.9759505270587707,-2219.9974627304614,-2170.5301334429964,0.13217855483661856,0.3935859548101408
P08,path2_old,3,10,2.3076923076923075,12,0.03052319433750399,0.9884881103952666,-2458.3810427253607,-2365.120657507969,0.08607914617358114,0.42263754228090855
P08,path2_old,3,10,2.3076923076923075,18,0.028181047255968674,0.9901870201057349,-2487.023120023715,-2351.9701901147178,0.09553865559681907,0.4574812405105196
